Workbook

Sheet 사용안내
A1: 마인드 근태 · 연차 관리대장
A2: 취업규칙 제11조(출근 및 퇴근) · 제22조(연차유급휴가) 운영용
A5: 시트 구성
A6: 직원명부 | B6: 가장 먼저 채웁니다. 사번·성명·입사일을 넣으면 나머지 시트가 이 값을 자동으로 끌어옵니다.
A7: 연차현황 | B7: 입사일만 있으면 발생·사용·잔여 일수가 전부 자동 계산됩니다. 입력할 곳은 「이월」 칸뿐입니다.
A8: 휴가대장 | B8: 휴가를 쓸 때마다 한 줄씩 기록합니다. 이 기록이 연차현황의 「사용」 일수가 됩니다.
A9: 근태기록 | B9: 출근·퇴근 시각을 매일 기록합니다. 근무시간과 연장시간은 자동으로 계산됩니다.
A10: 월별집계 | B10: 조회할 연월 하나만 바꾸면 그 달의 근무일수·지각·결근·연차사용이 직원별로 집계됩니다.
A11: 프로젝트집계 | B11: 근태기록의 「프로젝트」 칸을 모아 프로젝트별 투입시간을 집계합니다. 견적의 근거가 됩니다.
A12: 보상휴가 | B12: 연장·야간·휴일근로 수당을 갈음하는 휴가의 발생·사용·잔여를 관리합니다.
A13: 코드표 | B13: 드롭다운 목록의 원본입니다. 항목을 늘리려면 여기에 추가합니다.
A15: 연차 계산 기준
A16: 산정 기준일 | B16: 입사일 기준입니다. 사람마다 연차 발생일이 다릅니다. (취업규칙 제22조제3항)
A17: 1년 미만 | B17: 1개월 개근할 때마다 1일씩, 최대 11일. 입사 1주년 전날까지 써야 하고 남으면 소멸합니다.
A18: 1년 이상 | B18: 15일. 3년 이상 근속부터 2년마다 1일씩 늘어나며 최대 25일입니다.
A19: 반차 | B19: 휴가대장의 「일수」 칸에 0.5를 넣으면 반차로 집계됩니다.
A20: 미사용분 | B20: 산정기간이 끝나면 소멸하며, 소멸한 일수만큼 미사용 수당을 지급합니다. (취업규칙 제23조제4항)
A22: 꼭 알아두실 점
A23: 월차는 없습니다 | B23: 월차휴가는 2003년 근로기준법 개정으로 폐지된 제도입니다. 지금 「월차」라고 부르는 것은 입사 1년 미만 직원에게 매월 1일씩 생기는 연차(최대 11일)를 가리키며, 이 대장에서는 연차현황 시트에 함께 계산됩니다.
A24: 5인 미만 | B24: 연차유급휴가는 상시 근로자 5명 미만 사업장에 법적으로 강제되지 않습니다. 마인드는 취업규칙 제22조로 이를 부여하기로 정했으므로, 그 시점부터 회사의 의무가 됩니다.
A25: 보존 의무 | B25: 근태기록과 임금 관련 서류는 3년간 보존해야 합니다. (근로기준법 제42조)
A26: 5인이 되면 | B26: 상시 5명 이상이 되는 순간 연차유급휴가·연차사용촉진·주 12시간 연장 한도가 법적 의무로 전환됩니다. 가산수당은 이미 취업규칙으로 지급하고 있습니다.
A28: ※ | B28: 이 대장은 취업규칙 초안을 전제로 만든 관리 도구입니다. 취업규칙의 연차 조항을 바꾸면 연차현황 시트의 계산식(H열)도 함께 고쳐야 합니다.

Sheet 직원명부
A1: 직원명부
A2: 가장 먼저 채우는 시트입니다. 사번은 다른 시트에서 사람을 찾는 열쇠이므로 중복되면 안 됩니다.
A3: 입력 방법 : 파란 글씨 = 직접 입력하는 칸 · 검은 글씨 + 회색 배경 = 자동 계산 (수정 금지)
A4: 사번 | B4: 성명 | C4: 입사일 | D4: 직위 | E4: 고용형태 | F4: 재직상태 | G4: 퇴사일 | H4: 연봉 (원) | I4: 월 지급액 | J4: 주 소정근로시간 | K4: 비고
A5: M001 | B5: 강성아 | C5: 46034 | D5: UI·UX 디자이너 | E5: 정규사원 | F5: 재직 | H5: 32000000 | I5: =IF(H5="","",ROUND(H5/12,0)) | J5: 40 | K5: 수습 2026-01-12 ~ 2026-04-11 종료
I6: =IF(H6="","",ROUND(H6/12,0))
I7: =IF(H7="","",ROUND(H7/12,0))
I8: =IF(H8="","",ROUND(H8/12,0))
I9: =IF(H9="","",ROUND(H9/12,0))
I10: =IF(H10="","",ROUND(H10/12,0))
I11: =IF(H11="","",ROUND(H11/12,0))
I12: =IF(H12="","",ROUND(H12/12,0))
I13: =IF(H13="","",ROUND(H13/12,0))
I14: =IF(H14="","",ROUND(H14/12,0))
I15: =IF(H15="","",ROUND(H15/12,0))
I16: =IF(H16="","",ROUND(H16/12,0))
I17: =IF(H17="","",ROUND(H17/12,0))
... I24: =IF(H24="","",ROUND(H24/12,0))

Sheet 연차현황
A1: 연차현황
A2: 입사일 기준 자동 계산입니다. 직접 입력하는 칸은 「이월」 하나뿐입니다.
A3: 기준일 | B3: =TODAY() | C3: ← 특정 시점 기준으로 보려면 이 칸에 날짜를 직접 넣으세요.
A4: 사번 | B4: 성명 | C4: 입사일 | D4: 재직상태 | E4: 근속 | F4: 산정기간 시작 | G4: 산정기간 종료 | H4: 발생일수 | I4: 이월 | J4: 총 부여 | K4: 사용 | L4: 잔여 | M4: 소멸까지
A5: =IF(직원명부!A5="","",직원명부!A5) | B5: =IF(직원명부!B5="","",직원명부!B5) | C5: =IF(직원명부!C5="","",직원명부!C5) | D5: =IF(직원명부!F5="","",직원명부!F5) | E5: =IF(C5="","",DATEDIF(C5,IF(직원명부!G5="",$B$3,MIN($B$3,직원명부!G5)),"Y")&"년 "&DATEDIF(C5,IF(직원명부!G5="",$B$3,MIN($B$3,직원명부!G5)),"YM")&"개월") | F5: =IF(C5="","",IF(DATEDIF(C5,IF(직원명부!G5="",$B$3,MIN($B$3,직원명부!G5)),"Y")<1,C5,EDATE(C5,DATEDIF(C5,IF(직원명부!G5="",$B$3,MIN($B$3,직원명부!G5)),"Y")*12))) | G5: =IF(C5="","",EDATE(C5,(DATEDIF(C5,IF(직원명부!G5="",$B$3,MIN($B$3,직원명부!G5)),"Y")+1)*12)-1) | H5: =IF(C5="","",IF(DATEDIF(C5,IF(직원명부!G5="",$B$3,MIN($B$3,직원명부!G5)),"Y")<1,MIN(11,DATEDIF(C5,IF(직원명부!G5="",$B$3,MIN($B$3,직원명부!G5)),"M")),MIN(25,15+INT((DATEDIF(C5,IF(직원명부!G5="",$B$3,MIN($B$3,직원명부!G5)),"Y")-1)/2)))) | J5: =IF(C5="","",H5+N(I5)) | K5: =IF(C5="","",SUMIFS(휴가대장!$F$5:$F$504,휴가대장!$B$5:$B$504,$A5,휴가대장!$E$5:$E$504,"연차",휴가대장!$D$5:$D$504,">="&$F5,휴가대장!$D$5:$D$504,"<="&$G5)) | L5: =IF(C5="","",J5-K5) | M5: =IF(C5="","",IF(직원명부!G5<>"","퇴사",IF(G5-$B$3<0,"기간종료",G5-$B$3&"일")))
A6: =IF(직원명부!A6="","",직원명부!A6) | B6: =IF(직원명부!B6="","",직원명부!B6) | C6: =IF(직원명부!C6="","",직원명부!C6) | D6: =IF(직원명부!F6="","",직원명부!F6) | E6: =IF(C6="","",DATEDIF(C6,IF(직원명부!G6="",$B$3,MIN($B$3,직원명부!G6)),"Y")&"년 "&DATEDIF(C6,IF(직원명부!G6="",$B$3,MIN($B$3,직원명부!G6)),"YM")&"개월") | F6: =IF(C6="","",IF(DATEDIF(C6,IF(직원명부!G6="",$B$3,MIN($B$3,직원명부!G6)),"Y")<1,C6,EDATE(C6,DATEDIF(C6,IF(직원명부!G6="",$B$3,MIN($B$3,직원명부!G6)),"Y")*12))) | G6: =IF(C6="","",EDATE(C6,(DATEDIF(C6,IF(직원명부!G6="",$B$3,MIN($B$3,직원명부!G6)),"Y")+1)*12)-1) | H6: =IF(C6="","",IF(DATEDIF(C6,IF(직원명부!G6="",$B$3,MIN($B$3,직원명부!G6)),"Y")<1,MIN(11,DATEDIF(C6,IF(직원명부!G6="",$B$3,MIN($B$3,직원명부!G6)),"M")),MIN(25,15+INT((DATEDIF(C6,IF(직원명부!G6="",$B$3,MIN($B$3,직원명부!G6)),"Y")-1)/2)))) | J6: =IF(C6="","",H6+N(I6)) | K6: =IF(C6="","",SUMIFS(휴가대장!$F$5:$F$504,휴가대장!$B$5:$B$504,$A6,휴가대장!$E$5:$E$504,"연차",휴가대장!$D$5:$D$504,">="&$F6,휴가대장!$D$5:$D$504,"<="&$G6)) | L6: =IF(C6="","",J6-K6) | M6: =IF(C6="","",IF(직원명부!G6<>"","퇴사",IF(G6-$B$3<0,"기간종료",G6-$B$3&"일")))
A7: =IF(직원명부!A7="","",직원명부!A7) | B7: =IF(직원명부!B7="","",직원명부!B7) | C7: =IF(직원명부!C7="","",직원명부!C7) | D7: =IF(직원명부!F7="","",직원명부!F7) | E7: =IF(C7="","",DATEDIF(C7,IF(직원명부!G7="",$B$3,MIN($B$3,직원명부!G7)),"Y")&"년 "&DATEDIF(C7,IF(직원명부!G7="",$B$3,MIN($B$3,직원명부!G7)),"YM")&"개월") | F7: =IF(C7="","",IF(DATEDIF(C7,IF(직원명부!G7="",$B$3,MIN($B$3,직원명부!G7)),"Y")<1,C7,EDATE(C7,DATEDIF(C7,IF(직원명부!G7="",$B$3,MIN($B$3,직원명부!G7)),"Y")*12))) | G7: =IF(C7="","",EDATE(C7,(DATEDIF(C7,IF(직원명부!G7="",$B$3,MIN($B$3,직원명부!G7)),"Y")+1)*12)-1) | H7: =IF(C7="","",IF(DATEDIF(C7,IF(직원명부!G7="",$B$3,MIN($B$3,직원명부!G7)),"Y")<1,MIN(11,DATEDIF(C7,IF(직원명부!G7="",$B$3,MIN($B$3,직원명부!G7)),"M")),MIN(25,15+INT((DATEDIF(C7,IF(직원명부!G7="",$B$3,MIN($B$3,직원명부!G7)),"Y")-1)/2)))) | J7: =IF(C7="","",H7+N(I7)) | K7: =IF(C7="","",SUMIFS(휴가대장!$F$5:$F$504,휴가대장!$B$5:$B$504,$A7,휴가대장!$E$5:$E$504,"연차",휴가대장!$D$5:$D$504,">="&$F7,휴가대장!$D$5:$D$504,"<="&$G7)) | L7: =IF(C7="","",J7-K7) | M7: =IF(C7="","",IF(직원명부!G7<>"","퇴사",IF(G7-$B$3<0,"기간종료",G7-$B$3&"일")))
A8: =IF(직원명부!A8="","",직원명부!A8) | B8: =IF(직원명부!B8="","",직원명부!B8) | C8: =IF(직원명부!C8="","",직원명부!C8) | D8: =IF(직원명부!F8="","",직원명부!F8) | E8: =IF(C8="","",DATEDIF(C8,IF(직원명부!G8="",$B$3,MIN($B$3,직원명부!G8)),"Y")&"년 "&DATEDIF(C8,IF(직원명부!G8="",$B$3,MIN($B$3,직원명부!G8)),"YM")&"개월") | F8: =IF(C8="","",IF(DATEDIF(C8,IF(직원명부!G8="",$B$3,MIN($B$3,직원명부!G8)),"Y")<1,C8,EDATE(C8,DATEDIF(C8,IF(직원명부!G8="",$B$3,MIN($B$3,직원명부!G8)),"Y")*12))) | G8: =IF(C8="","",EDATE(C8,(DATEDIF(C8,IF(직원명부!G8="",$B$3,MIN($B$3,직원명부!G8)),"Y")+1)*12)-1) | H8: =IF(C8="","",IF(DATEDIF(C8,IF(직원명부!G8="",$B$3,MIN($B$3,직원명부!G8)),"Y")<1,MIN(11,DATEDIF(C8,IF(직원명부!G8="",$B$3,MIN($B$3,직원명부!G8)),"M")),MIN(25,15+INT((DATEDIF(C8,IF(직원명부!G8="",$B$3,MIN($B$3,직원명부!G8)),"Y")-1)/2)))) | J8: =IF(C8="","",H8+N(I8)) | K8: =IF(C8="","",SUMIFS(휴가대장!$F$5:$F$504,휴가대장!$B$5:$B$504,$A8,휴가대장!$E$5:$E$504,"연차",휴가대장!$D$5:$D$504,">="&$F8,휴가대장!$D$5:$D$504,"<="&$G8)) | L8: =IF(C8="","",J8-K8) | M8: =IF(C8="","",IF(직원명부!G8<>"","퇴사",IF(G8-$B$3<0,"기간종료",G8-$B$3&"일")))
A9: =IF(직원명부!A9="","",직원명부!A9) | B9: =IF(직원명부!B9="","",직원명부!B9) | C9: =IF(직원명부!C9="","",직원명부!C9) | D9: =IF(직원명부!F9="","",직원명부!F9) | E9: =IF(C9="","",DATEDIF(C9,IF(직원명부!G9="",$B$3,MIN($B$3,직원명부!G9)),"Y")&"년 "&DATEDIF(C9,IF(직원명부!G9="",$B$3,MIN($B$3,직원명부!G9)),"YM")&"개월") | F9: =IF(C9="","",IF(DATEDIF(C9,IF(직원명부!G9="",$B$3,MIN($B$3,직원명부!G9)),"Y")<1,C9,EDATE(C9,DATEDIF(C9,IF(직원명부!G9="",$B$3,MIN($B$3,직원명부!G9)),"Y")*12))) | G9: =IF(C9="","",EDATE(C9,(DATEDIF(C9,IF(직원명부!G9="",$B$3,MIN($B$3,직원명부!G9)),"Y")+1)*12)-1) | H9: =IF(C9="","",IF(DATEDIF(C9,IF(직원명부!G9="",$B$3,MIN($B$3,직원명부!G9)),"Y")<1,MIN(11,DATEDIF(C9,IF(직원명부!G9="",$B$3,MIN($B$3,직원명부!G9)),"M")),MIN(25,15+INT((DATEDIF(C9,IF(직원명부!G9="",$B$3,MIN($B$3,직원명부!G9)),"Y")-1)/2)))) | J9: =IF(C9="","",H9+N(I9)) | K9: =IF(C9="","",SUMIFS(휴가대장!$F$5:$F$504,휴가대장!$B$5:$B$504,$A9,휴가대장!$E$5:$E$504,"연차",휴가대장!$D$5:$D$504,">="&$F9,휴가대장!$D$5:$D$504,"<="&$G9)) | L9: =IF(C9="","",J9-K9) | M9: =IF(C9="","",IF(직원명부!G9<>"","퇴사",IF(G9-$B$3<0,"기간종료",G9-$B$3&"일")))
A10: =IF(직원명부!A10="","",직원명부!A10) | B10: =IF(직원명부!B10="","",직원명부!B10) | C10: =IF(직원명부!C10="","",직원명부!C10) | D10: =IF(직원명부!F10="","",직원명부!F10) | E10: =IF(C10="","",DATEDIF(C10,IF(직원명부!G10="",$B$3,MIN($B$3,직원명부!G10)),"Y")&"년 "&DATEDIF(C10,IF(직원명부!G10="",$B$3,MIN($B$3,직원명부!G10)),"YM")&"개월") | F10: =IF(C10="","",IF(DATEDIF(C10,IF(직원명부!G10="",$B$3,MIN($B$3,직원명부!G10)),"Y")<1,C10,EDATE(C10,DATEDIF(C10,IF(직원명부!G10="",$B$3,MIN($B$3,직원명부!G10)),"Y")*12))) | G10: =IF(C10="","",EDATE(C10,(DATEDIF(C10,IF(직원명부!G10="",$B$3,MIN($B$3,직원명부!G10)),"Y")+1)*12)-1) | H10: =IF(C10="","",IF(DATEDIF(C10,IF(직원명부!G10="",$B$3,MIN($B$3,직원명부!G10)),"Y")<1,MIN(11,DATEDIF(C10,IF(직원명부!G10="",$B$3,MIN($B$3,직원명부!G10)),"M")),MIN(25,15+INT((DATEDIF(C10,IF(직원명부!G10="",$B$3,MIN($B$3,직원명부!G10)),"Y")-1)/2)))) | J10: =IF(C10="","",H10+N(I10)) | K10: =IF(C10="","",SUMIFS(휴가대장!$F$5:$F$504,휴가대장!$B$5:$B$504,$A10,휴가대장!$E$5:$E$504,"연차",휴가대장!$D$5:$D$504,">="&$F10,휴가대장!$D$5:$D$504,"<="&$G10)) | L10: =IF(C10="","",J10-K10) | M10: =IF(C10="","",IF(직원명부!G10<>"","퇴사",IF(G10-$B$3<0,"기간종료",G10-$B$3&"일")))
A11: =IF(직원명부!A11="","",직원명부!A11) | B11: =IF(직원명부!B11="","",직원명부!B11) | C11: =IF(직원명부!C11="","",직원명부!C11) | D11: =IF(직원명부!F11="","",직원명부!F11) | E11: =IF(C11="","",DATEDIF(C11,IF(직원명부!G11="",$B$3,MIN($B$3,직원명부!G11)),"Y")&"년 "&DATEDIF(C11,IF(직원명부!G11="",$B$3,MIN($B$3,직원명부!G11)),"YM")&"개월") | F11: =IF(C11="","",IF(DATEDIF(C11,IF(직원명부!G11="",$B$3,MIN($B$3,직원명부!G11)),"Y")<1,C11,EDATE(C11,DATEDIF(C11,IF(직원명부!G11="",$B$3,MIN($B$3,직원명부!G11)),"Y")*12))) | G11: =IF(C11="","",EDATE(C11,(DATEDIF(C11,IF(직원명부!G11="",$B$3,MIN($B$3,직원명부!G11)),"Y")+1)*12)-1) | H11: =IF(C11="","",IF(DATEDIF(C11,IF(직원명부!G11="",$B$3,MIN($B$3,직원명부!G11)),"Y")<1,MIN(11,DATEDIF(C11,IF(직원명부!G11="",$B$3,MIN($B$3,직원명부!G11)),"M")),MIN(25,15+INT((DATEDIF(C11,IF(직원명부!G11="",$B$3,MIN($B$3,직원명부!G11)),"Y")-1)/2)))) | J11: =IF(C11="","",H11+N(I11)) | K11: =IF(C11="","",SUMIFS(휴가대장!$F$5:$F$504,휴가대장!$B$5:$B$504,$A11,휴가대장!$E$5:$E$504,"연차",휴가대장!$D$5:$D$504,">="&$F11,휴가대장!$D$5:$D$504,"<="&$G11)) | L11: =IF(C11="","",J11-K11) | M11: =IF(C11="","",IF(직원명부!G11<>"","퇴사",IF(G11-$B$3<0,"기간종료",G11-$B$3&"일")))
A12: =IF(직원명부!A12="","",직원명부!A12) | B12: =IF(직원명부!B12="","",직원명부!B12) | C12: =IF(직원명부!C12="","",직원명부!C12) | D12: =IF(직원명부!F12="","",직원명부!F12) | E12: =IF(C12="","",DATEDIF(C12,IF(직원명부!G12="",$B$3,MIN($B$3,직원명부!G12)),"Y")&"년 "&DATEDIF(C12,IF(직원명부!G12="",$B$3,MIN($B$3,직원명부!G12)),"YM")&"개월") | F12: =IF(C12="","",IF(DATEDIF(C12,IF(직원명부!G12="",$B$3,MIN($B$3,직원명부!G12)),"Y")<1,C12,EDATE(C12,DATEDIF(C12,IF(직원명부!G12="",$B$3,MIN($B$3,직원명부!G12)),"Y")*12))) | G12: =IF(C12="","",EDATE(C12,(DATEDIF(C12,IF(직원명부!G12="",$B$3,MIN($B$3,직원명부!G12)),"Y")+1)*12)-1) | H12: =IF(C12="","",IF(DATEDIF(C12,IF(직원명부!G12="",$B$3,MIN($B$3,직원명부!G12)),"Y")<1,MIN(11,DATEDIF(C12,IF(직원명부!G12="",$B$3,MIN($B$3,직원명부!G12)),"M")),MIN(25,15+INT((DATEDIF(C12,IF(직원명부!G12="",$B$3,MIN($B$3,직원명부!G12)),"Y")-1)/2)))) | J12: =IF(C12="","",H12+N(I12)) | K12: =IF(C12="","",SUMIFS(휴가대장!$F$5:$F$504,휴가대장!$B$5:$B$504,$A12,휴가대장!$E$5:$E$504,"연차",휴가대장!$D$5:$D$504,">="&$F12,휴가대장!$D$5:$D$504,"<="&$G12)) | L12: =IF(C12="","",J12-K12) | M12: =IF(C12="","",IF(직원명부!G12<>"","퇴사",IF(G12-$B$3<0,"기간종료",G12-$B$3&"일")))
A13: =IF(직원명부!A13="","",직원명부!A13) | B13: =IF(직원명부!B13="","",직원명부!B13) | C13: =IF(직원명부!C13="","",직원명부!C13) | D13: =IF(직원명부!F13="","",직원명부!F13) | E13: =IF(C13="","",DATEDIF(C13,IF(직원명부!G13="",$B$3,MIN($B$3,직원명부!G13)),"Y")&"년 "&DATEDIF(C13,IF(직원명부!G13="",$B$3,MIN($B$3,직원명부!G13)),"YM")&"개월") | F13: =IF(C13="","",IF(DATEDIF(C13,IF(직원명부!G13="",$B$3,MIN($B$3,직원명부!G13)),"Y")<1,C13,EDATE(C13,DATEDIF(C13,IF(직원명부!G13="",$B$3,MIN($B$3,직원명부!G13)),"Y")*12))) | G13: =IF(C13="","",EDATE(C13,(DATEDIF(C13,IF(직원명부!G13="",$B$3,MIN($B$3,직원명부!G13)),"Y")+1)*12)-1) | H13: =IF(C13="","",IF(DATEDIF(C13,IF(직원명부!G13="",$B$3,MIN($B$3,직원명부!G13)),"Y")<1,MIN(11,DATEDIF(C13,IF(직원명부!G13="",$B$3,MIN($B$3,직원명부!G13)),"M")),MIN(25,15+INT((DATEDIF(C13,IF(직원명부!G13="",$B$3,MIN($B$3,직원명부!G13)),"Y")-1)/2)))) | J13: =IF(C13="","",H13+N(I13)) | K13: =IF(C13="","",SUMIFS(휴가대장!$F$5:$F$504,휴가대장!$B$5:$B$504,$A13,휴가대장!$E$5:$E$504,"연차",휴가대장!$D$5:$D$504,">="&$F13,휴가대장!$D$5:$D$504,"<="&$G13)) | L13: =IF(C13="","",J13-K13) | M13: =IF(C13="","",IF(직원명부!G13<>"","퇴사",IF(G13-$B$3<0,"기간종료",G13-$B$3&"일")))
A14: =IF(직원명부!A14="","",직원명부!A14) | B14: =IF(직원명부!B14="","",직원명부!B14) | C14: =IF(직원명부!C14="","",직원명부!C14) | D14: =IF(직원명부!F14="","",직원명부!F14) | E14: =IF(C14="","",DATEDIF(C14,IF(직원명부!G14="",$B$3,MIN($B$3,직원명부!G14)),"Y")&"년 "&DATEDIF(C14,IF(직원명부!G14="",$B$3,MIN($B$3,직원명부!G14)),"YM")&"개월") | F14: =IF(C14="","",IF(DATEDIF(C14,IF(직원명부!G14="",$B$3,MIN($B$3,직원명부!G14)),"Y")<1,C14,EDATE(C14,DATEDIF(C14,IF(직원명부!G14="",$B$3,MIN($B$3,직원명부!G14)),"Y")*12))) | G14: =IF(C14="","",EDATE(C14,(DATEDIF(C14,IF(직원명부!G14="",$B$3,MIN($B$3,직원명부!G14)),"Y")+1)*12)-1) | H14: =IF(C14="","",IF(DATEDIF(C14,IF(직원명부!G14="",$B$3,MIN($B$3,직원명부!G14)),"Y")<1,MIN(11,DATEDIF(C14,IF(직원명부!G14="",$B$3,MIN($B$3,직원명부!G14)),"M")),MIN(25,15+INT((DATEDIF(C14,IF(직원명부!G14="",$B$3,MIN($B$3,직원명부!G14)),"Y")-1)/2)))) | J14: =IF(C14="","",H14+N(I14)) | K14: =IF(C14="","",SUMIFS(휴가대장!$F$5:$F$504,휴가대장!$B$5:$B$504,$A14,휴가대장!$E$5:$E$504,"연차",휴가대장!$D$5:$D$504,">="&$F14,휴가대장!$D$5:$D$504,"<="&$G14)) | L14: =IF(C14="","",J14-K14) | M14: =IF(C14="","",IF(직원명부!G14<>"","퇴사",IF(G14-$B$3<0,"기간종료",G14-$B$3&"일")))
A15: =IF(직원명부!A15="","",직원명부!A15) | B15: =IF(직원명부!B15="","",직원명부!B15) | C15: =IF(직원명부!C15="","",직원명부!C15) | D15: =IF(직원명부!F15="","",직원명부!F15) | E15: =IF(C15="","",DATEDIF(C15,IF(직원명부!G15="",$B$3,MIN($B$3,직원명부!G15)),"Y")&"년 "&DATEDIF(C15,IF(직원명부!G15="",$B$3,MIN($B$3,직원명부!G15)),"YM")&"개월") | F15: =IF(C15="","",IF(DATEDIF(C15,IF(직원명부!G15="",$B$3,MIN($B$3,직원명부!G15)),"Y")<1,C15,EDATE(C15,DATEDIF(C15,IF(직원명부!G15="",$B$3,MIN($B$3,직원명부!G15)),"Y")*12))) | G15: =IF(C15="","",EDATE(C15,(DATEDIF(C15,IF(직원명부!G15="",$B$3,MIN($B$3,직원명부!G15)),"Y")+1)*12)-1) | H15: =IF(C15="","",IF(DATEDIF(C15,IF(직원명부!G15="",$B$3,MIN($B$3,직원명부!G15)),"Y")<1,MIN(11,DATEDIF(C15,IF(직원명부!G15="",$B$3,MIN($B$3,직원명부!G15)),"M")),MIN(25,15+INT((DATEDIF(C15,IF(직원명부!G15="",$B$3,MIN($B$3,직원명부!G15)),"Y")-1)/2)))) | J15: =IF(C15="","",H15+N(I15)) | K15: =IF(C15="","",SUMIFS(휴가대장!$F$5:$F$504,휴가대장!$B$5:$B$504,$A15,휴가대장!$E$5:$E$504,"연차",휴가대장!$D$5:$D$504,">="&$F15,휴가대장!$D$5:$D$504,"<="&$G15)) | L15: =IF(C15="","",J15-K15) | M15: =IF(C15="","",IF(직원명부!G15<>"","퇴사",IF(G15-$B$3<0,"기간종료",G15-$B$3&"일")))
A16: =IF(직원명부!A16="","",직원명부!A16) | B16: =IF(직원명부!B16="","",직원명부!B16) | C16: =IF(직원명부!C16="","",직원명부!C16) | D16: =IF(직원명부!F16="","",직원명부!F16) | E16: =IF(C16="","",DATEDIF(C16,IF(직원명부!G16="",$B$3,MIN($B$3,직원명부!G16)),"Y")&"년 "&DATEDIF(C16,IF(직원명부!G16="",$B$3,MIN($B$3,직원명부!G16)),"YM")&"개월") | F16: =IF(C16="","",IF(DATEDIF(C16,IF(직원명부!G16="",$B$3,MIN($B$3,직원명부!G16)),"Y")<1,C16,EDATE(C16,DATEDIF(C16,IF(직원명부!G16="",$B$3,MIN($B$3,직원명부!G16)),"Y")*12))) | G16: =IF(C16="","",EDATE(C16,(DATEDIF(C16,IF(직원명부!G16="",$B$3,MIN($B$3,직원명부!G16)),"Y")+1)*12)-1) | H16: =IF(C16="","",IF(DATEDIF(C16,IF(직원명부!G16="",$B$3,MIN($B$3,직원명부!G16)),"Y")<1,MIN(11,DATEDIF(C16,IF(직원명부!G16="",$B$3,MIN($B$3,직원명부!G16)),"M")),MIN(25,15+INT((DATEDIF(C16,IF(직원명부!G16="",$B$3,MIN($B$3,직원명부!G16)),"Y")-1)/2)))) | J16: =IF(C16="","",H16+N(I16)) | K16: =IF(C16="","",SUMIFS(휴가대장!$F$5:$F$504,휴가대장!$B$5:$B$504,$A16,휴가대장!$E$5:$E$504,"연차",휴가대장!$D$5:$D$504,">="&$F16,휴가대장!$D$5:$D$504,"<="&$G16)) | L16: =IF(C16="","",J16-K16) | M16: =IF(C16="","",IF(직원명부!G16<>"","퇴사",IF(G16-$B$3<0,"기간종료",G16-$B$3&"일")))
... A24: =IF(직원명부!A24="","",직원명부!A24) | B24: =IF(직원명부!B24="","",직원명부!B24) | C24: =IF(직원명부!C24="","",직원명부!C24) | D24: =IF(직원명부!F24="","",직원명부!F24) | E24: =IF(C24="","",DATEDIF(C24,IF(직원명부!G24="",$B$3,MIN($B$3,직원명부!G24)),"Y")&"년 "&DATEDIF(C24,IF(직원명부!G24="",$B$3,MIN($B$3,직원명부!G24)),"YM")&"개월") | F24: =IF(C24="","",IF(DATEDIF(C24,IF(직원명부!G24="",$B$3,MIN($B$3,직원명부!G24)),"Y")<1,C24,EDATE(C24,DATEDIF(C24,IF(직원명부!G24="",$B$3,MIN($B$3,직원명부!G24)),"Y")*12))) | G24: =IF(C24="","",EDATE(C24,(DATEDIF(C24,IF(직원명부!G24="",$B$3,MIN($B$3,직원명부!G24)),"Y")+1)*12)-1) | H24: =IF(C24="","",IF(DATEDIF(C24,IF(직원명부!G24="",$B$3,MIN($B$3,직원명부!G24)),"Y")<1,MIN(11,DATEDIF(C24,IF(직원명부!G24="",$B$3,MIN($B$3,직원명부!G24)),"M")),MIN(25,15+INT((DATEDIF(C24,IF(직원명부!G24="",$B$3,MIN($B$3,직원명부!G24)),"Y")-1)/2)))) | J24: =IF(C24="","",H24+N(I24)) | K24: =IF(C24="","",SUMIFS(휴가대장!$F$5:$F$504,휴가대장!$B$5:$B$504,$A24,휴가대장!$E$5:$E$504,"연차",휴가대장!$D$5:$D$504,">="&$F24,휴가대장!$D$5:$D$504,"<="&$G24)) | L24: =IF(C24="","",J24-K24) | M24: =IF(C24="","",IF(직원명부!G24<>"","퇴사",IF(G24-$B$3<0,"기간종료",G24-$B$3&"일")))
A26: · 「발생일수」는 개근을 전제로 계산합니다. 결근이 있어 출근율 80% 미만인 직원은 수동으로 조정하세요.
A27: · 「사용」은 휴가대장에서 종류가 「연차」이고 사용일자가 산정기간 안에 있는 건만 더합니다. 경조·병가는 빠집니다.
A28: · 산정기간이 끝나면 잔여일수는 소멸하며, 소멸분에 대해 미사용 수당을 지급해야 합니다. (취업규칙 제23조제4항)

Sheet 휴가대장
A1: 휴가대장
A2: 휴가를 쓸 때마다 한 줄씩 기록합니다. 종류가 「연차」인 건만 연차현황의 사용일수에 반영됩니다.
A3: 입력 방법 : 파란 글씨 = 직접 입력하는 칸 · 검은 글씨 + 회색 배경 = 자동 계산 (수정 금지) | E3: 반차는 일수 칸에 0.5를 넣으세요. · 연속 휴가는 날짜별로 한 줄씩 나눠 적는 것이 집계에 정확합니다.
A4: 순번 | B4: 사번 | C4: 성명 | D4: 사용일자 | E4: 휴가종류 | F4: 일수 | G4: 사유 | H4: 승인자 | I4: 신청일
A5: =IF(B5="","",COUNTA($B$5:$B5)) | C5: =IFERROR(IF(B5="","",INDEX(직원명부!$B$5:$B$24,MATCH(B5,직원명부!$A$5:$A$24,0))),"사번 확인")
A6: =IF(B6="","",COUNTA($B$5:$B6)) | C6: =IFERROR(IF(B6="","",INDEX(직원명부!$B$5:$B$24,MATCH(B6,직원명부!$A$5:$A$24,0))),"사번 확인")
A7: =IF(B7="","",COUNTA($B$5:$B7)) | C7: =IFERROR(IF(B7="","",INDEX(직원명부!$B$5:$B$24,MATCH(B7,직원명부!$A$5:$A$24,0))),"사번 확인")
A8: =IF(B8="","",COUNTA($B$5:$B8)) | C8: =IFERROR(IF(B8="","",INDEX(직원명부!$B$5:$B$24,MATCH(B8,직원명부!$A$5:$A$24,0))),"사번 확인")
A9: =IF(B9="","",COUNTA($B$5:$B9)) | C9: =IFERROR(IF(B9="","",INDEX(직원명부!$B$5:$B$24,MATCH(B9,직원명부!$A$5:$A$24,0))),"사번 확인")
A10: =IF(B10="","",COUNTA($B$5:$B10)) | C10: =IFERROR(IF(B10="","",INDEX(직원명부!$B$5:$B$24,MATCH(B10,직원명부!$A$5:$A$24,0))),"사번 확인")
A11: =IF(B11="","",COUNTA($B$5:$B11)) | C11: =IFERROR(IF(B11="","",INDEX(직원명부!$B$5:$B$24,MATCH(B11,직원명부!$A$5:$A$24,0))),"사번 확인")
A12: =IF(B12="","",COUNTA($B$5:$B12)) | C12: =IFERROR(IF(B12="","",INDEX(직원명부!$B$5:$B$24,MATCH(B12,직원명부!$A$5:$A$24,0))),"사번 확인")
A13: =IF(B13="","",COUNTA($B$5:$B13)) | C13: =IFERROR(IF(B13="","",INDEX(직원명부!$B$5:$B$24,MATCH(B13,직원명부!$A$5:$A$24,0))),"사번 확인")
A14: =IF(B14="","",COUNTA($B$5:$B14)) | C14: =IFERROR(IF(B14="","",INDEX(직원명부!$B$5:$B$24,MATCH(B14,직원명부!$A$5:$A$24,0))),"사번 확인")
A15: =IF(B15="","",COUNTA($B$5:$B15)) | C15: =IFERROR(IF(B15="","",INDEX(직원명부!$B$5:$B$24,MATCH(B15,직원명부!$A$5:$A$24,0))),"사번 확인")
A16: =IF(B16="","",COUNTA($B$5:$B16)) | C16: =IFERROR(IF(B16="","",INDEX(직원명부!$B$5:$B$24,MATCH(B16,직원명부!$A$5:$A$24,0))),"사번 확인")
... A504: =IF(B504="","",COUNTA($B$5:$B504)) | C504: =IFERROR(IF(B504="","",INDEX(직원명부!$B$5:$B$24,MATCH(B504,직원명부!$A$5:$A$24,0))),"사번 확인")

Sheet 근태기록
A1: 근태기록
A2: 출퇴근 시각을 매일 기록합니다. 근로기준법 제42조에 따라 3년간 보존해야 합니다.
A3: 입력 방법 : 파란 글씨 = 직접 입력하는 칸 · 검은 글씨 + 회색 배경 = 자동 계산 (수정 금지) | E3: 시각은 09:00 형식으로 입력합니다. · 휴게시간은 시간 단위 숫자(1 = 1시간)로 넣습니다. · 자정을 넘겨 퇴근한 경우에도 퇴근 시각만 그대로 적으면 근무시간이 맞게 계산됩니다.
A4: 날짜 | B4: 요일 | C4: 사번 | D4: 성명 | E4: 출근 | F4: 퇴근 | G4: 휴게(h) | H4: 근무시간 | I4: 연장시간 | J4: 야간시간 | K4: 보상휴가 | L4: 근태구분 | M4: 프로젝트 | N4: 비고
A5: 46034 | B5: =IF(A5="","",CHOOSE(WEEKDAY(A5,2),"월","화","수","목","금","토","일")) | C5: M001 | D5: =IFERROR(IF(C5="","",INDEX(직원명부!$B$5:$B$24,MATCH(C5,직원명부!$A$5:$A$24,0))),"사번 확인") | E5: 0.375 | F5: 0.75 | G5: 1 | H5: =IF(OR(E5="",F5=""),"",ROUND(MOD(F5-E5,1)*24-N(G5),2)) | I5: =IF(H5="","",ROUND(MAX(0,H5-8),2)) | J5: =IF(OR(E5="",F5=""),"",ROUND(IF(MOD(F5,1)>=TIME(22,0,0),(MOD(F5,1)-TIME(22,0,0))*24,IF(MOD(F5,1)<TIME(6,0,0),(MOD(F5,1)+1-TIME(22,0,0))*24,0)),2)) | K5: =IF(H5="","",ROUND(IF(L5="휴일근로",MIN(H5,8)*1.5+MAX(0,H5-8)*2,I5*1.5)+N(J5)*0.5,2)) | L5: 정상
A6: 46035 | B6: =IF(A6="","",CHOOSE(WEEKDAY(A6,2),"월","화","수","목","금","토","일")) | C6: M001 | D6: =IFERROR(IF(C6="","",INDEX(직원명부!$B$5:$B$24,MATCH(C6,직원명부!$A$5:$A$24,0))),"사번 확인") | E6: 0.375 | F6: 0.75 | G6: 1 | H6: =IF(OR(E6="",F6=""),"",ROUND(MOD(F6-E6,1)*24-N(G6),2)) | I6: =IF(H6="","",ROUND(MAX(0,H6-8),2)) | J6: =IF(OR(E6="",F6=""),"",ROUND(IF(MOD(F6,1)>=TIME(22,0,0),(MOD(F6,1)-TIME(22,0,0))*24,IF(MOD(F6,1)<TIME(6,0,0),(MOD(F6,1)+1-TIME(22,0,0))*24,0)),2)) | K6: =IF(H6="","",ROUND(IF(L6="휴일근로",MIN(H6,8)*1.5+MAX(0,H6-8)*2,I6*1.5)+N(J6)*0.5,2)) | L6: 정상
A7: 46036 | B7: =IF(A7="","",CHOOSE(WEEKDAY(A7,2),"월","화","수","목","금","토","일")) | C7: M001 | D7: =IFERROR(IF(C7="","",INDEX(직원명부!$B$5:$B$24,MATCH(C7,직원명부!$A$5:$A$24,0))),"사번 확인") | E7: 0.375 | F7: 0.75 | G7: 1 | H7: =IF(OR(E7="",F7=""),"",ROUND(MOD(F7-E7,1)*24-N(G7),2)) | I7: =IF(H7="","",ROUND(MAX(0,H7-8),2)) | J7: =IF(OR(E7="",F7=""),"",ROUND(IF(MOD(F7,1)>=TIME(22,0,0),(MOD(F7,1)-TIME(22,0,0))*24,IF(MOD(F7,1)<TIME(6,0,0),(MOD(F7,1)+1-TIME(22,0,0))*24,0)),2)) | K7: =IF(H7="","",ROUND(IF(L7="휴일근로",MIN(H7,8)*1.5+MAX(0,H7-8)*2,I7*1.5)+N(J7)*0.5,2)) | L7: 정상
A8: 46037 | B8: =IF(A8="","",CHOOSE(WEEKDAY(A8,2),"월","화","수","목","금","토","일")) | C8: M001 | D8: =IFERROR(IF(C8="","",INDEX(직원명부!$B$5:$B$24,MATCH(C8,직원명부!$A$5:$A$24,0))),"사번 확인") | E8: 0.375 | F8: 0.75 | G8: 1 | H8: =IF(OR(E8="",F8=""),"",ROUND(MOD(F8-E8,1)*24-N(G8),2)) | I8: =IF(H8="","",ROUND(MAX(0,H8-8),2)) | J8: =IF(OR(E8="",F8=""),"",ROUND(IF(MOD(F8,1)>=TIME(22,0,0),(MOD(F8,1)-TIME(22,0,0))*24,IF(MOD(F8,1)<TIME(6,0,0),(MOD(F8,1)+1-TIME(22,0,0))*24,0)),2)) | K8: =IF(H8="","",ROUND(IF(L8="휴일근로",MIN(H8,8)*1.5+MAX(0,H8-8)*2,I8*1.5)+N(J8)*0.5,2)) | L8: 정상
A9: 46038 | B9: =IF(A9="","",CHOOSE(WEEKDAY(A9,2),"월","화","수","목","금","토","일")) | C9: M001 | D9: =IFERROR(IF(C9="","",INDEX(직원명부!$B$5:$B$24,MATCH(C9,직원명부!$A$5:$A$24,0))),"사번 확인") | E9: 0.375 | F9: 0.75 | G9: 1 | H9: =IF(OR(E9="",F9=""),"",ROUND(MOD(F9-E9,1)*24-N(G9),2)) | I9: =IF(H9="","",ROUND(MAX(0,H9-8),2)) | J9: =IF(OR(E9="",F9=""),"",ROUND(IF(MOD(F9,1)>=TIME(22,0,0),(MOD(F9,1)-TIME(22,0,0))*24,IF(MOD(F9,1)<TIME(6,0,0),(MOD(F9,1)+1-TIME(22,0,0))*24,0)),2)) | K9: =IF(H9="","",ROUND(IF(L9="휴일근로",MIN(H9,8)*1.5+MAX(0,H9-8)*2,I9*1.5)+N(J9)*0.5,2)) | L9: 정상
A10: 46039 | B10: =IF(A10="","",CHOOSE(WEEKDAY(A10,2),"월","화","수","목","금","토","일")) | C10: M001 | D10: =IFERROR(IF(C10="","",INDEX(직원명부!$B$5:$B$24,MATCH(C10,직원명부!$A$5:$A$24,0))),"사번 확인") | H10: =IF(OR(E10="",F10=""),"",ROUND(MOD(F10-E10,1)*24-N(G10),2)) | I10: =IF(H10="","",ROUND(MAX(0,H10-8),2)) | J10: =IF(OR(E10="",F10=""),"",ROUND(IF(MOD(F10,1)>=TIME(22,0,0),(MOD(F10,1)-TIME(22,0,0))*24,IF(MOD(F10,1)<TIME(6,0,0),(MOD(F10,1)+1-TIME(22,0,0))*24,0)),2)) | K10: =IF(H10="","",ROUND(IF(L10="휴일근로",MIN(H10,8)*1.5+MAX(0,H10-8)*2,I10*1.5)+N(J10)*0.5,2)) | N10: 주말
A11: 46040 | B11: =IF(A11="","",CHOOSE(WEEKDAY(A11,2),"월","화","수","목","금","토","일")) | C11: M001 | D11: =IFERROR(IF(C11="","",INDEX(직원명부!$B$5:$B$24,MATCH(C11,직원명부!$A$5:$A$24,0))),"사번 확인") | H11: =IF(OR(E11="",F11=""),"",ROUND(MOD(F11-E11,1)*24-N(G11),2)) | I11: =IF(H11="","",ROUND(MAX(0,H11-8),2)) | J11: =IF(OR(E11="",F11=""),"",ROUND(IF(MOD(F11,1)>=TIME(22,0,0),(MOD(F11,1)-TIME(22,0,0))*24,IF(MOD(F11,1)<TIME(6,0,0),(MOD(F11,1)+1-TIME(22,0,0))*24,0)),2)) | K11: =IF(H11="","",ROUND(IF(L11="휴일근로",MIN(H11,8)*1.5+MAX(0,H11-8)*2,I11*1.5)+N(J11)*0.5,2)) | N11: 주말
A12: 46041 | B12: =IF(A12="","",CHOOSE(WEEKDAY(A12,2),"월","화","수","목","금","토","일")) | C12: M001 | D12: =IFERROR(IF(C12="","",INDEX(직원명부!$B$5:$B$24,MATCH(C12,직원명부!$A$5:$A$24,0))),"사번 확인") | E12: 0.375 | F12: 0.75 | G12: 1 | H12: =IF(OR(E12="",F12=""),"",ROUND(MOD(F12-E12,1)*24-N(G12),2)) | I12: =IF(H12="","",ROUND(MAX(0,H12-8),2)) | J12: =IF(OR(E12="",F12=""),"",ROUND(IF(MOD(F12,1)>=TIME(22,0,0),(MOD(F12,1)-TIME(22,0,0))*24,IF(MOD(F12,1)<TIME(6,0,0),(MOD(F12,1)+1-TIME(22,0,0))*24,0)),2)) | K12: =IF(H12="","",ROUND(IF(L12="휴일근로",MIN(H12,8)*1.5+MAX(0,H12-8)*2,I12*1.5)+N(J12)*0.5,2)) | L12: 정상
A13: 46042 | B13: =IF(A13="","",CHOOSE(WEEKDAY(A13,2),"월","화","수","목","금","토","일")) | C13: M001 | D13: =IFERROR(IF(C13="","",INDEX(직원명부!$B$5:$B$24,MATCH(C13,직원명부!$A$5:$A$24,0))),"사번 확인") | E13: 0.375 | F13: 0.75 | G13: 1 | H13: =IF(OR(E13="",F13=""),"",ROUND(MOD(F13-E13,1)*24-N(G13),2)) | I13: =IF(H13="","",ROUND(MAX(0,H13-8),2)) | J13: =IF(OR(E13="",F13=""),"",ROUND(IF(MOD(F13,1)>=TIME(22,0,0),(MOD(F13,1)-TIME(22,0,0))*24,IF(MOD(F13,1)<TIME(6,0,0),(MOD(F13,1)+1-TIME(22,0,0))*24,0)),2)) | K13: =IF(H13="","",ROUND(IF(L13="휴일근로",MIN(H13,8)*1.5+MAX(0,H13-8)*2,I13*1.5)+N(J13)*0.5,2)) | L13: 정상
A14: 46043 | B14: =IF(A14="","",CHOOSE(WEEKDAY(A14,2),"월","화","수","목","금","토","일")) | C14: M001 | D14: =IFERROR(IF(C14="","",INDEX(직원명부!$B$5:$B$24,MATCH(C14,직원명부!$A$5:$A$24,0))),"사번 확인") | E14: 0.375 | F14: 0.75 | G14: 1 | H14: =IF(OR(E14="",F14=""),"",ROUND(MOD(F14-E14,1)*24-N(G14),2)) | I14: =IF(H14="","",ROUND(MAX(0,H14-8),2)) | J14: =IF(OR(E14="",F14=""),"",ROUND(IF(MOD(F14,1)>=TIME(22,0,0),(MOD(F14,1)-TIME(22,0,0))*24,IF(MOD(F14,1)<TIME(6,0,0),(MOD(F14,1)+1-TIME(22,0,0))*24,0)),2)) | K14: =IF(H14="","",ROUND(IF(L14="휴일근로",MIN(H14,8)*1.5+MAX(0,H14-8)*2,I14*1.5)+N(J14)*0.5,2)) | L14: 정상
A15: 46044 | B15: =IF(A15="","",CHOOSE(WEEKDAY(A15,2),"월","화","수","목","금","토","일")) | C15: M001 | D15: =IFERROR(IF(C15="","",INDEX(직원명부!$B$5:$B$24,MATCH(C15,직원명부!$A$5:$A$24,0))),"사번 확인") | E15: 0.375 | F15: 0.75 | G15: 1 | H15: =IF(OR(E15="",F15=""),"",ROUND(MOD(F15-E15,1)*24-N(G15),2)) | I15: =IF(H15="","",ROUND(MAX(0,H15-8),2)) | J15: =IF(OR(E15="",F15=""),"",ROUND(IF(MOD(F15,1)>=TIME(22,0,0),(MOD(F15,1)-TIME(22,0,0))*24,IF(MOD(F15,1)<TIME(6,0,0),(MOD(F15,1)+1-TIME(22,0,0))*24,0)),2)) | K15: =IF(H15="","",ROUND(IF(L15="휴일근로",MIN(H15,8)*1.5+MAX(0,H15-8)*2,I15*1.5)+N(J15)*0.5,2)) | L15: 정상
A16: 46045 | B16: =IF(A16="","",CHOOSE(WEEKDAY(A16,2),"월","화","수","목","금","토","일")) | C16: M001 | D16: =IFERROR(IF(C16="","",INDEX(직원명부!$B$5:$B$24,MATCH(C16,직원명부!$A$5:$A$24,0))),"사번 확인") | E16: 0.375 | F16: 0.75 | G16: 1 | H16: =IF(OR(E16="",F16=""),"",ROUND(MOD(F16-E16,1)*24-N(G16),2)) | I16: =IF(H16="","",ROUND(MAX(0,H16-8),2)) | J16: =IF(OR(E16="",F16=""),"",ROUND(IF(MOD(F16,1)>=TIME(22,0,0),(MOD(F16,1)-TIME(22,0,0))*24,IF(MOD(F16,1)<TIME(6,0,0),(MOD(F16,1)+1-TIME(22,0,0))*24,0)),2)) | K16: =IF(H16="","",ROUND(IF(L16="휴일근로",MIN(H16,8)*1.5+MAX(0,H16-8)*2,I16*1.5)+N(J16)*0.5,2)) | L16: 정상
A17: 46046 | B17: =IF(A17="","",CHOOSE(WEEKDAY(A17,2),"월","화","수","목","금","토","일")) | C17: M001 | D17: =IFERROR(IF(C17="","",INDEX(직원명부!$B$5:$B$24,MATCH(C17,직원명부!$A$5:$A$24,0))),"사번 확인") | H17: =IF(OR(E17="",F17=""),"",ROUND(MOD(F17-E17,1)*24-N(G17),2)) | I17: =IF(H17="","",ROUND(MAX(0,H17-8),2)) | J17: =IF(OR(E17="",F17=""),"",ROUND(IF(MOD(F17,1)>=TIME(22,0,0),(MOD(F17,1)-TIME(22,0,0))*24,IF(MOD(F17,1)<TIME(6,0,0),(MOD(F17,1)+1-TIME(22,0,0))*24,0)),2)) | K17: =IF(H17="","",ROUND(IF(L17="휴일근로",MIN(H17,8)*1.5+MAX(0,H17-8)*2,I17*1.5)+N(J17)*0.5,2)) | N17: 주말
A18: 46047 | B18: =IF(A18="","",CHOOSE(WEEKDAY(A18,2),"월","화","수","목","금","토","일")) | C18: M001 | D18: =IFERROR(IF(C18="","",INDEX(직원명부!$B$5:$B$24,MATCH(C18,직원명부!$A$5:$A$24,0))),"사번 확인") | H18: =IF(OR(E18="",F18=""),"",ROUND(MOD(F18-E18,1)*24-N(G18),2)) | I18: =IF(H18="","",ROUND(MAX(0,H18-8),2)) | J18: =IF(OR(E18="",F18=""),"",ROUND(IF(MOD(F18,1)>=TIME(22,0,0),(MOD(F18,1)-TIME(22,0,0))*24,IF(MOD(F18,1)<TIME(6,0,0),(MOD(F18,1)+1-TIME(22,0,0))*24,0)),2)) | K18: =IF(H18="","",ROUND(IF(L18="휴일근로",MIN(H18,8)*1.5+MAX(0,H18-8)*2,I18*1.5)+N(J18)*0.5,2)) | N18: 주말
A19: 46048 | B19: =IF(A19="","",CHOOSE(WEEKDAY(A19,2),"월","화","수","목","금","토","일")) | C19: M001 | D19: =IFERROR(IF(C19="","",INDEX(직원명부!$B$5:$B$24,MATCH(C19,직원명부!$A$5:$A$24,0))),"사번 확인") | E19: 0.375 | F19: 0.75 | G19: 1 | H19: =IF(OR(E19="",F19=""),"",ROUND(MOD(F19-E19,1)*24-N(G19),2)) | I19: =IF(H19="","",ROUND(MAX(0,H19-8),2)) | J19: =IF(OR(E19="",F19=""),"",ROUND(IF(MOD(F19,1)>=TIME(22,0,0),(MOD(F19,1)-TIME(22,0,0))*24,IF(MOD(F19,1)<TIME(6,0,0),(MOD(F19,1)+1-TIME(22,0,0))*24,0)),2)) | K19: =IF(H19="","",ROUND(IF(L19="휴일근로",MIN(H19,8)*1.5+MAX(0,H19-8)*2,I19*1.5)+N(J19)*0.5,2)) | L19: 정상
A20: 46049 | B20: =IF(A20="","",CHOOSE(WEEKDAY(A20,2),"월","화","수","목","금","토","일")) | C20: M001 | D20: =IFERROR(IF(C20="","",INDEX(직원명부!$B$5:$B$24,MATCH(C20,직원명부!$A$5:$A$24,0))),"사번 확인") | E20: 0.375 | F20: 0.75 | G20: 1 | H20: =IF(OR(E20="",F20=""),"",ROUND(MOD(F20-E20,1)*24-N(G20),2)) | I20: =IF(H20="","",ROUND(MAX(0,H20-8),2)) | J20: =IF(OR(E20="",F20=""),"",ROUND(IF(MOD(F20,1)>=TIME(22,0,0),(MOD(F20,1)-TIME(22,0,0))*24,IF(MOD(F20,1)<TIME(6,0,0),(MOD(F20,1)+1-TIME(22,0,0))*24,0)),2)) | K20: =IF(H20="","",ROUND(IF(L20="휴일근로",MIN(H20,8)*1.5+MAX(0,H20-8)*2,I20*1.5)+N(J20)*0.5,2)) | L20: 정상
A21: 46050 | B21: =IF(A21="","",CHOOSE(WEEKDAY(A21,2),"월","화","수","목","금","토","일")) | C21: M001 | D21: =IFERROR(IF(C21="","",INDEX(직원명부!$B$5:$B$24,MATCH(C21,직원명부!$A$5:$A$24,0))),"사번 확인") | E21: 0.375 | F21: 0.75 | G21: 1 | H21: =IF(OR(E21="",F21=""),"",ROUND(MOD(F21-E21,1)*24-N(G21),2)) | I21: =IF(H21="","",ROUND(MAX(0,H21-8),2)) | J21: =IF(OR(E21="",F21=""),"",ROUND(IF(MOD(F21,1)>=TIME(22,0,0),(MOD(F21,1)-TIME(22,0,0))*24,IF(MOD(F21,1)<TIME(6,0,0),(MOD(F21,1)+1-TIME(22,0,0))*24,0)),2)) | K21: =IF(H21="","",ROUND(IF(L21="휴일근로",MIN(H21,8)*1.5+MAX(0,H21-8)*2,I21*1.5)+N(J21)*0.5,2)) | L21: 정상
A22: 46051 | B22: =IF(A22="","",CHOOSE(WEEKDAY(A22,2),"월","화","수","목","금","토","일")) | C22: M001 | D22: =IFERROR(IF(C22="","",INDEX(직원명부!$B$5:$B$24,MATCH(C22,직원명부!$A$5:$A$24,0))),"사번 확인") | E22: 0.375 | F22: 0.75 | G22: 1 | H22: =IF(OR(E22="",F22=""),"",ROUND(MOD(F22-E22,1)*24-N(G22),2)) | I22: =IF(H22="","",ROUND(MAX(0,H22-8),2)) | J22: =IF(OR(E22="",F22=""),"",ROUND(IF(MOD(F22,1)>=TIME(22,0,0),(MOD(F22,1)-TIME(22,0,0))*24,IF(MOD(F22,1)<TIME(6,0,0),(MOD(F22,1)+1-TIME(22,0,0))*24,0)),2)) | K22: =IF(H22="","",ROUND(IF(L22="휴일근로",MIN(H22,8)*1.5+MAX(0,H22-8)*2,I22*1.5)+N(J22)*0.5,2)) | L22: 정상
A23: 46052 | B23: =IF(A23="","",CHOOSE(WEEKDAY(A23,2),"월","화","수","목","금","토","일")) | C23: M001 | D23: =IFERROR(IF(C23="","",INDEX(직원명부!$B$5:$B$24,MATCH(C23,직원명부!$A$5:$A$24,0))),"사번 확인") | E23: 0.375 | F23: 0.75 | G23: 1 | H23: =IF(OR(E23="",F23=""),"",ROUND(MOD(F23-E23,1)*24-N(G23),2)) | I23: =IF(H23="","",ROUND(MAX(0,H23-8),2)) | J23: =IF(OR(E23="",F23=""),"",ROUND(IF(MOD(F23,1)>=TIME(22,0,0),(MOD(F23,1)-TIME(22,0,0))*24,IF(MOD(F23,1)<TIME(6,0,0),(MOD(F23,1)+1-TIME(22,0,0))*24,0)),2)) | K23: =IF(H23="","",ROUND(IF(L23="휴일근로",MIN(H23,8)*1.5+MAX(0,H23-8)*2,I23*1.5)+N(J23)*0.5,2)) | L23: 정상
A24: 46053 | B24: =IF(A24="","",CHOOSE(WEEKDAY(A24,2),"월","화","수","목","금","토","일")) | C24: M001 | D24: =IFERROR(IF(C24="","",INDEX(직원명부!$B$5:$B$24,MATCH(C24,직원명부!$A$5:$A$24,0))),"사번 확인") | H24: =IF(OR(E24="",F24=""),"",ROUND(MOD(F24-E24,1)*24-N(G24),2)) | I24: =IF(H24="","",ROUND(MAX(0,H24-8),2)) | J24: =IF(OR(E24="",F24=""),"",ROUND(IF(MOD(F24,1)>=TIME(22,0,0),(MOD(F24,1)-TIME(22,0,0))*24,IF(MOD(F24,1)<TIME(6,0,0),(MOD(F24,1)+1-TIME(22,0,0))*24,0)),2)) | K24: =IF(H24="","",ROUND(IF(L24="휴일근로",MIN(H24,8)*1.5+MAX(0,H24-8)*2,I24*1.5)+N(J24)*0.5,2)) | N24: 주말
A25: 46054 | B25: =IF(A25="","",CHOOSE(WEEKDAY(A25,2),"월","화","수","목","금","토","일")) | C25: M001 | D25: =IFERROR(IF(C25="","",INDEX(직원명부!$B$5:$B$24,MATCH(C25,직원명부!$A$5:$A$24,0))),"사번 확인") | H25: =IF(OR(E25="",F25=""),"",ROUND(MOD(F25-E25,1)*24-N(G25),2)) | I25: =IF(H25="","",ROUND(MAX(0,H25-8),2)) | J25: =IF(OR(E25="",F25=""),"",ROUND(IF(MOD(F25,1)>=TIME(22,0,0),(MOD(F25,1)-TIME(22,0,0))*24,IF(MOD(F25,1)<TIME(6,0,0),(MOD(F25,1)+1-TIME(22,0,0))*24,0)),2)) | K25: =IF(H25="","",ROUND(IF(L25="휴일근로",MIN(H25,8)*1.5+MAX(0,H25-8)*2,I25*1.5)+N(J25)*0.5,2)) | N25: 주말
A26: 46055 | B26: =IF(A26="","",CHOOSE(WEEKDAY(A26,2),"월","화","수","목","금","토","일")) | C26: M001 | D26: =IFERROR(IF(C26="","",INDEX(직원명부!$B$5:$B$24,MATCH(C26,직원명부!$A$5:$A$24,0))),"사번 확인") | E26: 0.375 | F26: 0.75 | G26: 1 | H26: =IF(OR(E26="",F26=""),"",ROUND(MOD(F26-E26,1)*24-N(G26),2)) | I26: =IF(H26="","",ROUND(MAX(0,H26-8),2)) | J26: =IF(OR(E26="",F26=""),"",ROUND(IF(MOD(F26,1)>=TIME(22,0,0),(MOD(F26,1)-TIME(22,0,0))*24,IF(MOD(F26,1)<TIME(6,0,0),(MOD(F26,1)+1-TIME(22,0,0))*24,0)),2)) | K26: =IF(H26="","",ROUND(IF(L26="휴일근로",MIN(H26,8)*1.5+MAX(0,H26-8)*2,I26*1.5)+N(J26)*0.5,2)) | L26: 정상
A27: 46056 | B27: =IF(A27="","",CHOOSE(WEEKDAY(A27,2),"월","화","수","목","금","토","일")) | C27: M001 | D27: =IFERROR(IF(C27="","",INDEX(직원명부!$B$5:$B$24,MATCH(C27,직원명부!$A$5:$A$24,0))),"사번 확인") | E27: 0.375 | F27: 0.75 | G27: 1 | H27: =IF(OR(E27="",F27=""),"",ROUND(MOD(F27-E27,1)*24-N(G27),2)) | I27: =IF(H27="","",ROUND(MAX(0,H27-8),2)) | J27: =IF(OR(E27="",F27=""),"",ROUND(IF(MOD(F27,1)>=TIME(22,0,0),(MOD(F27,1)-TIME(22,0,0))*24,IF(MOD(F27,1)<TIME(6,0,0),(MOD(F27,1)+1-TIME(22,0,0))*24,0)),2)) | K27: =IF(H27="","",ROUND(IF(L27="휴일근로",MIN(H27,8)*1.5+MAX(0,H27-8)*2,I27*1.5)+N(J27)*0.5,2)) | L27: 정상
A28: 46057 | B28: =IF(A28="","",CHOOSE(WEEKDAY(A28,2),"월","화","수","목","금","토","일")) | C28: M001 | D28: =IFERROR(IF(C28="","",INDEX(직원명부!$B$5:$B$24,MATCH(C28,직원명부!$A$5:$A$24,0))),"사번 확인") | E28: 0.375 | F28: 0.75 | G28: 1 | H28: =IF(OR(E28="",F28=""),"",ROUND(MOD(F28-E28,1)*24-N(G28),2)) | I28: =IF(H28="","",ROUND(MAX(0,H28-8),2)) | J28: =IF(OR(E28="",F28=""),"",ROUND(IF(MOD(F28,1)>=TIME(22,0,0),(MOD(F28,1)-TIME(22,0,0))*24,IF(MOD(F28,1)<TIME(6,0,0),(MOD(F28,1)+1-TIME(22,0,0))*24,0)),2)) | K28: =IF(H28="","",ROUND(IF(L28="휴일근로",MIN(H28,8)*1.5+MAX(0,H28-8)*2,I28*1.5)+N(J28)*0.5,2)) | L28: 정상
A29: 46058 | B29: =IF(A29="","",CHOOSE(WEEKDAY(A29,2),"월","화","수","목","금","토","일")) | C29: M001 | D29: =IFERROR(IF(C29="","",INDEX(직원명부!$B$5:$B$24,MATCH(C29,직원명부!$A$5:$A$24,0))),"사번 확인") | E29: 0.375 | F29: 0.75 | G29: 1 | H29: =IF(OR(E29="",F29=""),"",ROUND(MOD(F29-E29,1)*24-N(G29),2)) | I29: =IF(H29="","",ROUND(MAX(0,H29-8),2)) | J29: =IF(OR(E29="",F29=""),"",ROUND(IF(MOD(F29,1)>=TIME(22,0,0),(MOD(F29,1)-TIME(22,0,0))*24,IF(MOD(F29,1)<TIME(6,0,0),(MOD(F29,1)+1-TIME(22,0,0))*24,0)),2)) | K29: =IF(H29="","",ROUND(IF(L29="휴일근로",MIN(H29,8)*1.5+MAX(0,H29-8)*2,I29*1.5)+N(J29)*0.5,2)) | L29: 정상
A30: 46059 | B30: =IF(A30="","",CHOOSE(WEEKDAY(A30,2),"월","화","수","목","금","토","일")) | C30: M001 | D30: =IFERROR(IF(C30="","",INDEX(직원명부!$B$5:$B$24,MATCH(C30,직원명부!$A$5:$A$24,0))),"사번 확인") | E30: 0.375 | F30: 0.75 | G30: 1 | H30: =IF(OR(E30="",F30=""),"",ROUND(MOD(F30-E30,1)*24-N(G30),2)) | I30: =IF(H30="","",ROUND(MAX(0,H30-8),2)) | J30: =IF(OR(E30="",F30=""),"",ROUND(IF(MOD(F30,1)>=TIME(22,0,0),(MOD(F30,1)-TIME(22,0,0))*24,IF(MOD(F30,1)<TIME(6,0,0),(MOD(F30,1)+1-TIME(22,0,0))*24,0)),2)) | K30: =IF(H30="","",ROUND(IF(L30="휴일근로",MIN(H30,8)*1.5+MAX(0,H30-8)*2,I30*1.5)+N(J30)*0.5,2)) | L30: 정상
A31: 46060 | B31: =IF(A31="","",CHOOSE(WEEKDAY(A31,2),"월","화","수","목","금","토","일")) | C31: M001 | D31: =IFERROR(IF(C31="","",INDEX(직원명부!$B$5:$B$24,MATCH(C31,직원명부!$A$5:$A$24,0))),"사번 확인") | H31: =IF(OR(E31="",F31=""),"",ROUND(MOD(F31-E31,1)*24-N(G31),2)) | I31: =IF(H31="","",ROUND(MAX(0,H31-8),2)) | J31: =IF(OR(E31="",F31=""),"",ROUND(IF(MOD(F31,1)>=TIME(22,0,0),(MOD(F31,1)-TIME(22,0,0))*24,IF(MOD(F31,1)<TIME(6,0,0),(MOD(F31,1)+1-TIME(22,0,0))*24,0)),2)) | K31: =IF(H31="","",ROUND(IF(L31="휴일근로",MIN(H31,8)*1.5+MAX(0,H31-8)*2,I31*1.5)+N(J31)*0.5,2)) | N31: 주말
A32: 46061 | B32: =IF(A32="","",CHOOSE(WEEKDAY(A32,2),"월","화","수","목","금","토","일")) | C32: M001 | D32: =IFERROR(IF(C32="","",INDEX(직원명부!$B$5:$B$24,MATCH(C32,직원명부!$A$5:$A$24,0))),"사번 확인") | H32: =IF(OR(E32="",F32=""),"",ROUND(MOD(F32-E32,1)*24-N(G32),2)) | I32: =IF(H32="","",ROUND(MAX(0,H32-8),2)) | J32: =IF(OR(E32="",F32=""),"",ROUND(IF(MOD(F32,1)>=TIME(22,0,0),(MOD(F32,1)-TIME(22,0,0))*24,IF(MOD(F32,1)<TIME(6,0,0),(MOD(F32,1)+1-TIME(22,0,0))*24,0)),2)) | K32: =IF(H32="","",ROUND(IF(L32="휴일근로",MIN(H32,8)*1.5+MAX(0,H32-8)*2,I32*1.5)+N(J32)*0.5,2)) | N32: 주말
A33: 46062 | B33: =IF(A33="","",CHOOSE(WEEKDAY(A33,2),"월","화","수","목","금","토","일")) | C33: M001 | D33: =IFERROR(IF(C33="","",INDEX(직원명부!$B$5:$B$24,MATCH(C33,직원명부!$A$5:$A$24,0))),"사번 확인") | E33: 0.375 | F33: 0.75 | G33: 1 | H33: =IF(OR(E33="",F33=""),"",ROUND(MOD(F33-E33,1)*24-N(G33),2)) | I33: =IF(H33="","",ROUND(MAX(0,H33-8),2)) | J33: =IF(OR(E33="",F33=""),"",ROUND(IF(MOD(F33,1)>=TIME(22,0,0),(MOD(F33,1)-TIME(22,0,0))*24,IF(MOD(F33,1)<TIME(6,0,0),(MOD(F33,1)+1-TIME(22,0,0))*24,0)),2)) | K33: =IF(H33="","",ROUND(IF(L33="휴일근로",MIN(H33,8)*1.5+MAX(0,H33-8)*2,I33*1.5)+N(J33)*0.5,2)) | L33: 정상
A34: 46063 | B34: =IF(A34="","",CHOOSE(WEEKDAY(A34,2),"월","화","수","목","금","토","일")) | C34: M001 | D34: =IFERROR(IF(C34="","",INDEX(직원명부!$B$5:$B$24,MATCH(C34,직원명부!$A$5:$A$24,0))),"사번 확인") | E34: 0.375 | F34: 0.75 | G34: 1 | H34: =IF(OR(E34="",F34=""),"",ROUND(MOD(F34-E34,1)*24-N(G34),2)) | I34: =IF(H34="","",ROUND(MAX(0,H34-8),2)) | J34: =IF(OR(E34="",F34=""),"",ROUND(IF(MOD(F34,1)>=TIME(22,0,0),(MOD(F34,1)-TIME(22,0,0))*24,IF(MOD(F34,1)<TIME(6,0,0),(MOD(F34,1)+1-TIME(22,0,0))*24,0)),2)) | K34: =IF(H34="","",ROUND(IF(L34="휴일근로",MIN(H34,8)*1.5+MAX(0,H34-8)*2,I34*1.5)+N(J34)*0.5,2)) | L34: 정상
A35: 46064 | B35: =IF(A35="","",CHOOSE(WEEKDAY(A35,2),"월","화","수","목","금","토","일")) | C35: M001 | D35: =IFERROR(IF(C35="","",INDEX(직원명부!$B$5:$B$24,MATCH(C35,직원명부!$A$5:$A$24,0))),"사번 확인") | E35: 0.375 | F35: 0.75 | G35: 1 | H35: =IF(OR(E35="",F35=""),"",ROUND(MOD(F35-E35,1)*24-N(G35),2)) | I35: =IF(H35="","",ROUND(MAX(0,H35-8),2)) | J35: =IF(OR(E35="",F35=""),"",ROUND(IF(MOD(F35,1)>=TIME(22,0,0),(MOD(F35,1)-TIME(22,0,0))*24,IF(MOD(F35,1)<TIME(6,0,0),(MOD(F35,1)+1-TIME(22,0,0))*24,0)),2)) | K35: =IF(H35="","",ROUND(IF(L35="휴일근로",MIN(H35,8)*1.5+MAX(0,H35-8)*2,I35*1.5)+N(J35)*0.5,2)) | L35: 정상
A36: 46065 | B36: =IF(A36="","",CHOOSE(WEEKDAY(A36,2),"월","화","수","목","금","토","일")) | C36: M001 | D36: =IFERROR(IF(C36="","",INDEX(직원명부!$B$5:$B$24,MATCH(C36,직원명부!$A$5:$A$24,0))),"사번 확인") | E36: 0.375 | F36: 0.75 | G36: 1 | H36: =IF(OR(E36="",F36=""),"",ROUND(MOD(F36-E36,1)*24-N(G36),2)) | I36: =IF(H36="","",ROUND(MAX(0,H36-8),2)) | J36: =IF(OR(E36="",F36=""),"",ROUND(IF(MOD(F36,1)>=TIME(22,0,0),(MOD(F36,1)-TIME(22,0,0))*24,IF(MOD(F36,1)<TIME(6,0,0),(MOD(F36,1)+1-TIME(22,0,0))*24,0)),2)) | K36: =IF(H36="","",ROUND(IF(L36="휴일근로",MIN(H36,8)*1.5+MAX(0,H36-8)*2,I36*1.5)+N(J36)*0.5,2)) | L36: 정상
A37: 46066 | B37: =IF(A37="","",CHOOSE(WEEKDAY(A37,2),"월","화","수","목","금","토","일")) | C37: M001 | D37: =IFERROR(IF(C37="","",INDEX(직원명부!$B$5:$B$24,MATCH(C37,직원명부!$A$5:$A$24,0))),"사번 확인") | E37: 0.375 | F37: 0.75 | G37: 1 | H37: =IF(OR(E37="",F37=""),"",ROUND(MOD(F37-E37,1)*24-N(G37),2)) | I37: =IF(H37="","",ROUND(MAX(0,H37-8),2)) | J37: =IF(OR(E37="",F37=""),"",ROUND(IF(MOD(F37,1)>=TIME(22,0,0),(MOD(F37,1)-TIME(22,0,0))*24,IF(MOD(F37,1)<TIME(6,0,0),(MOD(F37,1)+1-TIME(22,0,0))*24,0)),2)) | K37: =IF(H37="","",ROUND(IF(L37="휴일근로",MIN(H37,8)*1.5+MAX(0,H37-8)*2,I37*1.5)+N(J37)*0.5,2)) | L37: 정상
A38: 46067 | B38: =IF(A38="","",CHOOSE(WEEKDAY(A38,2),"월","화","수","목","금","토","일")) | C38: M001 | D38: =IFERROR(IF(C38="","",INDEX(직원명부!$B$5:$B$24,MATCH(C38,직원명부!$A$5:$A$24,0))),"사번 확인") | H38: =IF(OR(E38="",F38=""),"",ROUND(MOD(F38-E38,1)*24-N(G38),2)) | I38: =IF(H38="","",ROUND(MAX(0,H38-8),2)) | J38: =IF(OR(E38="",F38=""),"",ROUND(IF(MOD(F38,1)>=TIME(22,0,0),(MOD(F38,1)-TIME(22,0,0))*24,IF(MOD(F38,1)<TIME(6,0,0),(MOD(F38,1)+1-TIME(22,0,0))*24,0)),2)) | K38: =IF(H38="","",ROUND(IF(L38="휴일근로",MIN(H38,8)*1.5+MAX(0,H38-8)*2,I38*1.5)+N(J38)*0.5,2)) | N38: 주말
A39: 46068 | B39: =IF(A39="","",CHOOSE(WEEKDAY(A39,2),"월","화","수","목","금","토","일")) | C39: M001 | D39: =IFERROR(IF(C39="","",INDEX(직원명부!$B$5:$B$24,MATCH(C39,직원명부!$A$5:$A$24,0))),"사번 확인") | H39: =IF(OR(E39="",F39=""),"",ROUND(MOD(F39-E39,1)*24-N(G39),2)) | I39: =IF(H39="","",ROUND(MAX(0,H39-8),2)) | J39: =IF(OR(E39="",F39=""),"",ROUND(IF(MOD(F39,1)>=TIME(22,0,0),(MOD(F39,1)-TIME(22,0,0))*24,IF(MOD(F39,1)<TIME(6,0,0),(MOD(F39,1)+1-TIME(22,0,0))*24,0)),2)) | K39: =IF(H39="","",ROUND(IF(L39="휴일근로",MIN(H39,8)*1.5+MAX(0,H39-8)*2,I39*1.5)+N(J39)*0.5,2)) | N39: 주말
A40: 46069 | B40: =IF(A40="","",CHOOSE(WEEKDAY(A40,2),"월","화","수","목","금","토","일")) | C40: M001 | D40: =IFERROR(IF(C40="","",INDEX(직원명부!$B$5:$B$24,MATCH(C40,직원명부!$A$5:$A$24,0))),"사번 확인") | H40: =IF(OR(E40="",F40=""),"",ROUND(MOD(F40-E40,1)*24-N(G40),2)) | I40: =IF(H40="","",ROUND(MAX(0,H40-8),2)) | J40: =IF(OR(E40="",F40=""),"",ROUND(IF(MOD(F40,1)>=TIME(22,0,0),(MOD(F40,1)-TIME(22,0,0))*24,IF(MOD(F40,1)<TIME(6,0,0),(MOD(F40,1)+1-TIME(22,0,0))*24,0)),2)) | K40: =IF(H40="","",ROUND(IF(L40="휴일근로",MIN(H40,8)*1.5+MAX(0,H40-8)*2,I40*1.5)+N(J40)*0.5,2)) | N40: 설날 연휴
A41: 46070 | B41: =IF(A41="","",CHOOSE(WEEKDAY(A41,2),"월","화","수","목","금","토","일")) | C41: M001 | D41: =IFERROR(IF(C41="","",INDEX(직원명부!$B$5:$B$24,MATCH(C41,직원명부!$A$5:$A$24,0))),"사번 확인") | H41: =IF(OR(E41="",F41=""),"",ROUND(MOD(F41-E41,1)*24-N(G41),2)) | I41: =IF(H41="","",ROUND(MAX(0,H41-8),2)) | J41: =IF(OR(E41="",F41=""),"",ROUND(IF(MOD(F41,1)>=TIME(22,0,0),(MOD(F41,1)-TIME(22,0,0))*24,IF(MOD(F41,1)<TIME(6,0,0),(MOD(F41,1)+1-TIME(22,0,0))*24,0)),2)) | K41: =IF(H41="","",ROUND(IF(L41="휴일근로",MIN(H41,8)*1.5+MAX(0,H41-8)*2,I41*1.5)+N(J41)*0.5,2)) | N41: 설날
A42: 46071 | B42: =IF(A42="","",CHOOSE(WEEKDAY(A42,2),"월","화","수","목","금","토","일")) | C42: M001 | D42: =IFERROR(IF(C42="","",INDEX(직원명부!$B$5:$B$24,MATCH(C42,직원명부!$A$5:$A$24,0))),"사번 확인") | H42: =IF(OR(E42="",F42=""),"",ROUND(MOD(F42-E42,1)*24-N(G42),2)) | I42: =IF(H42="","",ROUND(MAX(0,H42-8),2)) | J42: =IF(OR(E42="",F42=""),"",ROUND(IF(MOD(F42,1)>=TIME(22,0,0),(MOD(F42,1)-TIME(22,0,0))*24,IF(MOD(F42,1)<TIME(6,0,0),(MOD(F42,1)+1-TIME(22,0,0))*24,0)),2)) | K42: =IF(H42="","",ROUND(IF(L42="휴일근로",MIN(H42,8)*1.5+MAX(0,H42-8)*2,I42*1.5)+N(J42)*0.5,2)) | N42: 설날 연휴
A43: 46072 | B43: =IF(A43="","",CHOOSE(WEEKDAY(A43,2),"월","화","수","목","금","토","일")) | C43: M001 | D43: =IFERROR(IF(C43="","",INDEX(직원명부!$B$5:$B$24,MATCH(C43,직원명부!$A$5:$A$24,0))),"사번 확인") | E43: 0.375 | F43: 0.75 | G43: 1 | H43: =IF(OR(E43="",F43=""),"",ROUND(MOD(F43-E43,1)*24-N(G43),2)) | I43: =IF(H43="","",ROUND(MAX(0,H43-8),2)) | J43: =IF(OR(E43="",F43=""),"",ROUND(IF(MOD(F43,1)>=TIME(22,0,0),(MOD(F43,1)-TIME(22,0,0))*24,IF(MOD(F43,1)<TIME(6,0,0),(MOD(F43,1)+1-TIME(22,0,0))*24,0)),2)) | K43: =IF(H43="","",ROUND(IF(L43="휴일근로",MIN(H43,8)*1.5+MAX(0,H43-8)*2,I43*1.5)+N(J43)*0.5,2)) | L43: 정상
A44: 46073 | B44: =IF(A44="","",CHOOSE(WEEKDAY(A44,2),"월","화","수","목","금","토","일")) | C44: M001 | D44: =IFERROR(IF(C44="","",INDEX(직원명부!$B$5:$B$24,MATCH(C44,직원명부!$A$5:$A$24,0))),"사번 확인") | E44: 0.375 | F44: 0.75 | G44: 1 | H44: =IF(OR(E44="",F44=""),"",ROUND(MOD(F44-E44,1)*24-N(G44),2)) | I44: =IF(H44="","",ROUND(MAX(0,H44-8),2)) | J44: =IF(OR(E44="",F44=""),"",ROUND(IF(MOD(F44,1)>=TIME(22,0,0),(MOD(F44,1)-TIME(22,0,0))*24,IF(MOD(F44,1)<TIME(6,0,0),(MOD(F44,1)+1-TIME(22,0,0))*24,0)),2)) | K44: =IF(H44="","",ROUND(IF(L44="휴일근로",MIN(H44,8)*1.5+MAX(0,H44-8)*2,I44*1.5)+N(J44)*0.5,2)) | L44: 정상
A45: 46074 | B45: =IF(A45="","",CHOOSE(WEEKDAY(A45,2),"월","화","수","목","금","토","일")) | C45: M001 | D45: =IFERROR(IF(C45="","",INDEX(직원명부!$B$5:$B$24,MATCH(C45,직원명부!$A$5:$A$24,0))),"사번 확인") | H45: =IF(OR(E45="",F45=""),"",ROUND(MOD(F45-E45,1)*24-N(G45),2)) | I45: =IF(H45="","",ROUND(MAX(0,H45-8),2)) | J45: =IF(OR(E45="",F45=""),"",ROUND(IF(MOD(F45,1)>=TIME(22,0,0),(MOD(F45,1)-TIME(22,0,0))*24,IF(MOD(F45,1)<TIME(6,0,0),(MOD(F45,1)+1-TIME(22,0,0))*24,0)),2)) | K45: =IF(H45="","",ROUND(IF(L45="휴일근로",MIN(H45,8)*1.5+MAX(0,H45-8)*2,I45*1.5)+N(J45)*0.5,2)) | N45: 주말
A46: 46075 | B46: =IF(A46="","",CHOOSE(WEEKDAY(A46,2),"월","화","수","목","금","토","일")) | C46: M001 | D46: =IFERROR(IF(C46="","",INDEX(직원명부!$B$5:$B$24,MATCH(C46,직원명부!$A$5:$A$24,0))),"사번 확인") | H46: =IF(OR(E46="",F46=""),"",ROUND(MOD(F46-E46,1)*24-N(G46),2)) | I46: =IF(H46="","",ROUND(MAX(0,H46-8),2)) | J46: =IF(OR(E46="",F46=""),"",ROUND(IF(MOD(F46,1)>=TIME(22,0,0),(MOD(F46,1)-TIME(22,0,0))*24,IF(MOD(F46,1)<TIME(6,0,0),(MOD(F46,1)+1-TIME(22,0,0))*24,0)),2)) | K46: =IF(H46="","",ROUND(IF(L46="휴일근로",MIN(H46,8)*1.5+MAX(0,H46-8)*2,I46*1.5)+N(J46)*0.5,2)) | N46: 주말
A47: 46076 | B47: =IF(A47="","",CHOOSE(WEEKDAY(A47,2),"월","화","수","목","금","토","일")) | C47: M001 | D47: =IFERROR(IF(C47="","",INDEX(직원명부!$B$5:$B$24,MATCH(C47,직원명부!$A$5:$A$24,0))),"사번 확인") | E47: 0.375 | F47: 0.75 | G47: 1 | H47: =IF(OR(E47="",F47=""),"",ROUND(MOD(F47-E47,1)*24-N(G47),2)) | I47: =IF(H47="","",ROUND(MAX(0,H47-8),2)) | J47: =IF(OR(E47="",F47=""),"",ROUND(IF(MOD(F47,1)>=TIME(22,0,0),(MOD(F47,1)-TIME(22,0,0))*24,IF(MOD(F47,1)<TIME(6,0,0),(MOD(F47,1)+1-TIME(22,0,0))*24,0)),2)) | K47: =IF(H47="","",ROUND(IF(L47="휴일근로",MIN(H47,8)*1.5+MAX(0,H47-8)*2,I47*1.5)+N(J47)*0.5,2)) | L47: 정상
A48: 46077 | B48: =IF(A48="","",CHOOSE(WEEKDAY(A48,2),"월","화","수","목","금","토","일")) | C48: M001 | D48: =IFERROR(IF(C48="","",INDEX(직원명부!$B$5:$B$24,MATCH(C48,직원명부!$A$5:$A$24,0))),"사번 확인") | E48: 0.375 | F48: 0.75 | G48: 1 | H48: =IF(OR(E48="",F48=""),"",ROUND(MOD(F48-E48,1)*24-N(G48),2)) | I48: =IF(H48="","",ROUND(MAX(0,H48-8),2)) | J48: =IF(OR(E48="",F48=""),"",ROUND(IF(MOD(F48,1)>=TIME(22,0,0),(MOD(F48,1)-TIME(22,0,0))*24,IF(MOD(F48,1)<TIME(6,0,0),(MOD(F48,1)+1-TIME(22,0,0))*24,0)),2)) | K48: =IF(H48="","",ROUND(IF(L48="휴일근로",MIN(H48,8)*1.5+MAX(0,H48-8)*2,I48*1.5)+N(J48)*0.5,2)) | L48: 정상
A49: 46078 | B49: =IF(A49="","",CHOOSE(WEEKDAY(A49,2),"월","화","수","목","금","토","일")) | C49: M001 | D49: =IFERROR(IF(C49="","",INDEX(직원명부!$B$5:$B$24,MATCH(C49,직원명부!$A$5:$A$24,0))),"사번 확인") | E49: 0.375 | F49: 0.75 | G49: 1 | H49: =IF(OR(E49="",F49=""),"",ROUND(MOD(F49-E49,1)*24-N(G49),2)) | I49: =IF(H49="","",ROUND(MAX(0,H49-8),2)) | J49: =IF(OR(E49="",F49=""),"",ROUND(IF(MOD(F49,1)>=TIME(22,0,0),(MOD(F49,1)-TIME(22,0,0))*24,IF(MOD(F49,1)<TIME(6,0,0),(MOD(F49,1)+1-TIME(22,0,0))*24,0)),2)) | K49: =IF(H49="","",ROUND(IF(L49="휴일근로",MIN(H49,8)*1.5+MAX(0,H49-8)*2,I49*1.5)+N(J49)*0.5,2)) | L49: 정상
A50: 46079 | B50: =IF(A50="","",CHOOSE(WEEKDAY(A50,2),"월","화","수","목","금","토","일")) | C50: M001 | D50: =IFERROR(IF(C50="","",INDEX(직원명부!$B$5:$B$24,MATCH(C50,직원명부!$A$5:$A$24,0))),"사번 확인") | E50: 0.375 | F50: 0.75 | G50: 1 | H50: =IF(OR(E50="",F50=""),"",ROUND(MOD(F50-E50,1)*24-N(G50),2)) | I50: =IF(H50="","",ROUND(MAX(0,H50-8),2)) | J50: =IF(OR(E50="",F50=""),"",ROUND(IF(MOD(F50,1)>=TIME(22,0,0),(MOD(F50,1)-TIME(22,0,0))*24,IF(MOD(F50,1)<TIME(6,0,0),(MOD(F50,1)+1-TIME(22,0,0))*24,0)),2)) | K50: =IF(H50="","",ROUND(IF(L50="휴일근로",MIN(H50,8)*1.5+MAX(0,H50-8)*2,I50*1.5)+N(J50)*0.5,2)) | L50: 정상
A51: 46080 | B51: =IF(A51="","",CHOOSE(WEEKDAY(A51,2),"월","화","수","목","금","토","일")) | C51: M001 | D51: =IFERROR(IF(C51="","",INDEX(직원명부!$B$5:$B$24,MATCH(C51,직원명부!$A$5:$A$24,0))),"사번 확인") | E51: 0.375 | F51: 0.75 | G51: 1 | H51: =IF(OR(E51="",F51=""),"",ROUND(MOD(F51-E51,1)*24-N(G51),2)) | I51: =IF(H51="","",ROUND(MAX(0,H51-8),2)) | J51: =IF(OR(E51="",F51=""),"",ROUND(IF(MOD(F51,1)>=TIME(22,0,0),(MOD(F51,1)-TIME(22,0,0))*24,IF(MOD(F51,1)<TIME(6,0,0),(MOD(F51,1)+1-TIME(22,0,0))*24,0)),2)) | K51: =IF(H51="","",ROUND(IF(L51="휴일근로",MIN(H51,8)*1.5+MAX(0,H51-8)*2,I51*1.5)+N(J51)*0.5,2)) | L51: 정상
A52: 46081 | B52: =IF(A52="","",CHOOSE(WEEKDAY(A52,2),"월","화","수","목","금","토","일")) | C52: M001 | D52: =IFERROR(IF(C52="","",INDEX(직원명부!$B$5:$B$24,MATCH(C52,직원명부!$A$5:$A$24,0))),"사번 확인") | H52: =IF(OR(E52="",F52=""),"",ROUND(MOD(F52-E52,1)*24-N(G52),2)) | I52: =IF(H52="","",ROUND(MAX(0,H52-8),2)) | J52: =IF(OR(E52="",F52=""),"",ROUND(IF(MOD(F52,1)>=TIME(22,0,0),(MOD(F52,1)-TIME(22,0,0))*24,IF(MOD(F52,1)<TIME(6,0,0),(MOD(F52,1)+1-TIME(22,0,0))*24,0)),2)) | K52: =IF(H52="","",ROUND(IF(L52="휴일근로",MIN(H52,8)*1.5+MAX(0,H52-8)*2,I52*1.5)+N(J52)*0.5,2)) | N52: 주말
A53: 46082 | B53: =IF(A53="","",CHOOSE(WEEKDAY(A53,2),"월","화","수","목","금","토","일")) | C53: M001 | D53: =IFERROR(IF(C53="","",INDEX(직원명부!$B$5:$B$24,MATCH(C53,직원명부!$A$5:$A$24,0))),"사번 확인") | H53: =IF(OR(E53="",F53=""),"",ROUND(MOD(F53-E53,1)*24-N(G53),2)) | I53: =IF(H53="","",ROUND(MAX(0,H53-8),2)) | J53: =IF(OR(E53="",F53=""),"",ROUND(IF(MOD(F53,1)>=TIME(22,0,0),(MOD(F53,1)-TIME(22,0,0))*24,IF(MOD(F53,1)<TIME(6,0,0),(MOD(F53,1)+1-TIME(22,0,0))*24,0)),2)) | K53: =IF(H53="","",ROUND(IF(L53="휴일근로",MIN(H53,8)*1.5+MAX(0,H53-8)*2,I53*1.5)+N(J53)*0.5,2)) | N53: 삼일절
A54: 46083 | B54: =IF(A54="","",CHOOSE(WEEKDAY(A54,2),"월","화","수","목","금","토","일")) | C54: M001 | D54: =IFERROR(IF(C54="","",INDEX(직원명부!$B$5:$B$24,MATCH(C54,직원명부!$A$5:$A$24,0))),"사번 확인") | H54: =IF(OR(E54="",F54=""),"",ROUND(MOD(F54-E54,1)*24-N(G54),2)) | I54: =IF(H54="","",ROUND(MAX(0,H54-8),2)) | J54: =IF(OR(E54="",F54=""),"",ROUND(IF(MOD(F54,1)>=TIME(22,0,0),(MOD(F54,1)-TIME(22,0,0))*24,IF(MOD(F54,1)<TIME(6,0,0),(MOD(F54,1)+1-TIME(22,0,0))*24,0)),2)) | K54: =IF(H54="","",ROUND(IF(L54="휴일근로",MIN(H54,8)*1.5+MAX(0,H54-8)*2,I54*1.5)+N(J54)*0.5,2)) | N54: 삼일절 대체공휴일
A55: 46084 | B55: =IF(A55="","",CHOOSE(WEEKDAY(A55,2),"월","화","수","목","금","토","일")) | C55: M001 | D55: =IFERROR(IF(C55="","",INDEX(직원명부!$B$5:$B$24,MATCH(C55,직원명부!$A$5:$A$24,0))),"사번 확인") | E55: 0.375 | F55: 0.75 | G55: 1 | H55: =IF(OR(E55="",F55=""),"",ROUND(MOD(F55-E55,1)*24-N(G55),2)) | I55: =IF(H55="","",ROUND(MAX(0,H55-8),2)) | J55: =IF(OR(E55="",F55=""),"",ROUND(IF(MOD(F55,1)>=TIME(22,0,0),(MOD(F55,1)-TIME(22,0,0))*24,IF(MOD(F55,1)<TIME(6,0,0),(MOD(F55,1)+1-TIME(22,0,0))*24,0)),2)) | K55: =IF(H55="","",ROUND(IF(L55="휴일근로",MIN(H55,8)*1.5+MAX(0,H55-8)*2,I55*1.5)+N(J55)*0.5,2)) | L55: 정상
A56: 46085 | B56: =IF(A56="","",CHOOSE(WEEKDAY(A56,2),"월","화","수","목","금","토","일")) | C56: M001 | D56: =IFERROR(IF(C56="","",INDEX(직원명부!$B$5:$B$24,MATCH(C56,직원명부!$A$5:$A$24,0))),"사번 확인") | E56: 0.375 | F56: 0.75 | G56: 1 | H56: =IF(OR(E56="",F56=""),"",ROUND(MOD(F56-E56,1)*24-N(G56),2)) | I56: =IF(H56="","",ROUND(MAX(0,H56-8),2)) | J56: =IF(OR(E56="",F56=""),"",ROUND(IF(MOD(F56,1)>=TIME(22,0,0),(MOD(F56,1)-TIME(22,0,0))*24,IF(MOD(F56,1)<TIME(6,0,0),(MOD(F56,1)+1-TIME(22,0,0))*24,0)),2)) | K56: =IF(H56="","",ROUND(IF(L56="휴일근로",MIN(H56,8)*1.5+MAX(0,H56-8)*2,I56*1.5)+N(J56)*0.5,2)) | L56: 정상
A57: 46086 | B57: =IF(A57="","",CHOOSE(WEEKDAY(A57,2),"월","화","수","목","금","토","일")) | C57: M001 | D57: =IFERROR(IF(C57="","",INDEX(직원명부!$B$5:$B$24,MATCH(C57,직원명부!$A$5:$A$24,0))),"사번 확인") | E57: 0.375 | F57: 0.75 | G57: 1 | H57: =IF(OR(E57="",F57=""),"",ROUND(MOD(F57-E57,1)*24-N(G57),2)) | I57: =IF(H57="","",ROUND(MAX(0,H57-8),2)) | J57: =IF(OR(E57="",F57=""),"",ROUND(IF(MOD(F57,1)>=TIME(22,0,0),(MOD(F57,1)-TIME(22,0,0))*24,IF(MOD(F57,1)<TIME(6,0,0),(MOD(F57,1)+1-TIME(22,0,0))*24,0)),2)) | K57: =IF(H57="","",ROUND(IF(L57="휴일근로",MIN(H57,8)*1.5+MAX(0,H57-8)*2,I57*1.5)+N(J57)*0.5,2)) | L57: 정상
A58: 46087 | B58: =IF(A58="","",CHOOSE(WEEKDAY(A58,2),"월","화","수","목","금","토","일")) | C58: M001 | D58: =IFERROR(IF(C58="","",INDEX(직원명부!$B$5:$B$24,MATCH(C58,직원명부!$A$5:$A$24,0))),"사번 확인") | E58: 0.375 | F58: 0.75 | G58: 1 | H58: =IF(OR(E58="",F58=""),"",ROUND(MOD(F58-E58,1)*24-N(G58),2)) | I58: =IF(H58="","",ROUND(MAX(0,H58-8),2)) | J58: =IF(OR(E58="",F58=""),"",ROUND(IF(MOD(F58,1)>=TIME(22,0,0),(MOD(F58,1)-TIME(22,0,0))*24,IF(MOD(F58,1)<TIME(6,0,0),(MOD(F58,1)+1-TIME(22,0,0))*24,0)),2)) | K58: =IF(H58="","",ROUND(IF(L58="휴일근로",MIN(H58,8)*1.5+MAX(0,H58-8)*2,I58*1.5)+N(J58)*0.5,2)) | L58: 정상
A59: 46088 | B59: =IF(A59="","",CHOOSE(WEEKDAY(A59,2),"월","화","수","목","금","토","일")) | C59: M001 | D59: =IFERROR(IF(C59="","",INDEX(직원명부!$B$5:$B$24,MATCH(C59,직원명부!$A$5:$A$24,0))),"사번 확인") | H59: =IF(OR(E59="",F59=""),"",ROUND(MOD(F59-E59,1)*24-N(G59),2)) | I59: =IF(H59="","",ROUND(MAX(0,H59-8),2)) | J59: =IF(OR(E59="",F59=""),"",ROUND(IF(MOD(F59,1)>=TIME(22,0,0),(MOD(F59,1)-TIME(22,0,0))*24,IF(MOD(F59,1)<TIME(6,0,0),(MOD(F59,1)+1-TIME(22,0,0))*24,0)),2)) | K59: =IF(H59="","",ROUND(IF(L59="휴일근로",MIN(H59,8)*1.5+MAX(0,H59-8)*2,I59*1.5)+N(J59)*0.5,2)) | N59: 주말
A60: 46089 | B60: =IF(A60="","",CHOOSE(WEEKDAY(A60,2),"월","화","수","목","금","토","일")) | C60: M001 | D60: =IFERROR(IF(C60="","",INDEX(직원명부!$B$5:$B$24,MATCH(C60,직원명부!$A$5:$A$24,0))),"사번 확인") | H60: =IF(OR(E60="",F60=""),"",ROUND(MOD(F60-E60,1)*24-N(G60),2)) | I60: =IF(H60="","",ROUND(MAX(0,H60-8),2)) | J60: =IF(OR(E60="",F60=""),"",ROUND(IF(MOD(F60,1)>=TIME(22,0,0),(MOD(F60,1)-TIME(22,0,0))*24,IF(MOD(F60,1)<TIME(6,0,0),(MOD(F60,1)+1-TIME(22,0,0))*24,0)),2)) | K60: =IF(H60="","",ROUND(IF(L60="휴일근로",MIN(H60,8)*1.5+MAX(0,H60-8)*2,I60*1.5)+N(J60)*0.5,2)) | N60: 주말
A61: 46090 | B61: =IF(A61="","",CHOOSE(WEEKDAY(A61,2),"월","화","수","목","금","토","일")) | C61: M001 | D61: =IFERROR(IF(C61="","",INDEX(직원명부!$B$5:$B$24,MATCH(C61,직원명부!$A$5:$A$24,0))),"사번 확인") | E61: 0.375 | F61: 0.75 | G61: 1 | H61: =IF(OR(E61="",F61=""),"",ROUND(MOD(F61-E61,1)*24-N(G61),2)) | I61: =IF(H61="","",ROUND(MAX(0,H61-8),2)) | J61: =IF(OR(E61="",F61=""),"",ROUND(IF(MOD(F61,1)>=TIME(22,0,0),(MOD(F61,1)-TIME(22,0,0))*24,IF(MOD(F61,1)<TIME(6,0,0),(MOD(F61,1)+1-TIME(22,0,0))*24,0)),2)) | K61: =IF(H61="","",ROUND(IF(L61="휴일근로",MIN(H61,8)*1.5+MAX(0,H61-8)*2,I61*1.5)+N(J61)*0.5,2)) | L61: 정상
A62: 46091 | B62: =IF(A62="","",CHOOSE(WEEKDAY(A62,2),"월","화","수","목","금","토","일")) | C62: M001 | D62: =IFERROR(IF(C62="","",INDEX(직원명부!$B$5:$B$24,MATCH(C62,직원명부!$A$5:$A$24,0))),"사번 확인") | E62: 0.375 | F62: 0.75 | G62: 1 | H62: =IF(OR(E62="",F62=""),"",ROUND(MOD(F62-E62,1)*24-N(G62),2)) | I62: =IF(H62="","",ROUND(MAX(0,H62-8),2)) | J62: =IF(OR(E62="",F62=""),"",ROUND(IF(MOD(F62,1)>=TIME(22,0,0),(MOD(F62,1)-TIME(22,0,0))*24,IF(MOD(F62,1)<TIME(6,0,0),(MOD(F62,1)+1-TIME(22,0,0))*24,0)),2)) | K62: =IF(H62="","",ROUND(IF(L62="휴일근로",MIN(H62,8)*1.5+MAX(0,H62-8)*2,I62*1.5)+N(J62)*0.5,2)) | L62: 정상
A63: 46092 | B63: =IF(A63="","",CHOOSE(WEEKDAY(A63,2),"월","화","수","목","금","토","일")) | C63: M001 | D63: =IFERROR(IF(C63="","",INDEX(직원명부!$B$5:$B$24,MATCH(C63,직원명부!$A$5:$A$24,0))),"사번 확인") | E63: 0.375 | F63: 0.75 | G63: 1 | H63: =IF(OR(E63="",F63=""),"",ROUND(MOD(F63-E63,1)*24-N(G63),2)) | I63: =IF(H63="","",ROUND(MAX(0,H63-8),2)) | J63: =IF(OR(E63="",F63=""),"",ROUND(IF(MOD(F63,1)>=TIME(22,0,0),(MOD(F63,1)-TIME(22,0,0))*24,IF(MOD(F63,1)<TIME(6,0,0),(MOD(F63,1)+1-TIME(22,0,0))*24,0)),2)) | K63: =IF(H63="","",ROUND(IF(L63="휴일근로",MIN(H63,8)*1.5+MAX(0,H63-8)*2,I63*1.5)+N(J63)*0.5,2)) | L63: 정상
A64: 46093 | B64: =IF(A64="","",CHOOSE(WEEKDAY(A64,2),"월","화","수","목","금","토","일")) | C64: M001 | D64: =IFERROR(IF(C64="","",INDEX(직원명부!$B$5:$B$24,MATCH(C64,직원명부!$A$5:$A$24,0))),"사번 확인") | E64: 0.375 | F64: 0.75 | G64: 1 | H64: =IF(OR(E64="",F64=""),"",ROUND(MOD(F64-E64,1)*24-N(G64),2)) | I64: =IF(H64="","",ROUND(MAX(0,H64-8),2)) | J64: =IF(OR(E64="",F64=""),"",ROUND(IF(MOD(F64,1)>=TIME(22,0,0),(MOD(F64,1)-TIME(22,0,0))*24,IF(MOD(F64,1)<TIME(6,0,0),(MOD(F64,1)+1-TIME(22,0,0))*24,0)),2)) | K64: =IF(H64="","",ROUND(IF(L64="휴일근로",MIN(H64,8)*1.5+MAX(0,H64-8)*2,I64*1.5)+N(J64)*0.5,2)) | L64: 정상
A65: 46094 | B65: =IF(A65="","",CHOOSE(WEEKDAY(A65,2),"월","화","수","목","금","토","일")) | C65: M001 | D65: =IFERROR(IF(C65="","",INDEX(직원명부!$B$5:$B$24,MATCH(C65,직원명부!$A$5:$A$24,0))),"사번 확인") | E65: 0.375 | F65: 0.75 | G65: 1 | H65: =IF(OR(E65="",F65=""),"",ROUND(MOD(F65-E65,1)*24-N(G65),2)) | I65: =IF(H65="","",ROUND(MAX(0,H65-8),2)) | J65: =IF(OR(E65="",F65=""),"",ROUND(IF(MOD(F65,1)>=TIME(22,0,0),(MOD(F65,1)-TIME(22,0,0))*24,IF(MOD(F65,1)<TIME(6,0,0),(MOD(F65,1)+1-TIME(22,0,0))*24,0)),2)) | K65: =IF(H65="","",ROUND(IF(L65="휴일근로",MIN(H65,8)*1.5+MAX(0,H65-8)*2,I65*1.5)+N(J65)*0.5,2)) | L65: 정상
A66: 46095 | B66: =IF(A66="","",CHOOSE(WEEKDAY(A66,2),"월","화","수","목","금","토","일")) | C66: M001 | D66: =IFERROR(IF(C66="","",INDEX(직원명부!$B$5:$B$24,MATCH(C66,직원명부!$A$5:$A$24,0))),"사번 확인") | H66: =IF(OR(E66="",F66=""),"",ROUND(MOD(F66-E66,1)*24-N(G66),2)) | I66: =IF(H66="","",ROUND(MAX(0,H66-8),2)) | J66: =IF(OR(E66="",F66=""),"",ROUND(IF(MOD(F66,1)>=TIME(22,0,0),(MOD(F66,1)-TIME(22,0,0))*24,IF(MOD(F66,1)<TIME(6,0,0),(MOD(F66,1)+1-TIME(22,0,0))*24,0)),2)) | K66: =IF(H66="","",ROUND(IF(L66="휴일근로",MIN(H66,8)*1.5+MAX(0,H66-8)*2,I66*1.5)+N(J66)*0.5,2)) | N66: 주말
A67: 46096 | B67: =IF(A67="","",CHOOSE(WEEKDAY(A67,2),"월","화","수","목","금","토","일")) | C67: M001 | D67: =IFERROR(IF(C67="","",INDEX(직원명부!$B$5:$B$24,MATCH(C67,직원명부!$A$5:$A$24,0))),"사번 확인") | H67: =IF(OR(E67="",F67=""),"",ROUND(MOD(F67-E67,1)*24-N(G67),2)) | I67: =IF(H67="","",ROUND(MAX(0,H67-8),2)) | J67: =IF(OR(E67="",F67=""),"",ROUND(IF(MOD(F67,1)>=TIME(22,0,0),(MOD(F67,1)-TIME(22,0,0))*24,IF(MOD(F67,1)<TIME(6,0,0),(MOD(F67,1)+1-TIME(22,0,0))*24,0)),2)) | K67: =IF(H67="","",ROUND(IF(L67="휴일근로",MIN(H67,8)*1.5+MAX(0,H67-8)*2,I67*1.5)+N(J67)*0.5,2)) | N67: 주말
A68: 46097 | B68: =IF(A68="","",CHOOSE(WEEKDAY(A68,2),"월","화","수","목","금","토","일")) | C68: M001 | D68: =IFERROR(IF(C68="","",INDEX(직원명부!$B$5:$B$24,MATCH(C68,직원명부!$A$5:$A$24,0))),"사번 확인") | E68: 0.375 | F68: 0.75 | G68: 1 | H68: =IF(OR(E68="",F68=""),"",ROUND(MOD(F68-E68,1)*24-N(G68),2)) | I68: =IF(H68="","",ROUND(MAX(0,H68-8),2)) | J68: =IF(OR(E68="",F68=""),"",ROUND(IF(MOD(F68,1)>=TIME(22,0,0),(MOD(F68,1)-TIME(22,0,0))*24,IF(MOD(F68,1)<TIME(6,0,0),(MOD(F68,1)+1-TIME(22,0,0))*24,0)),2)) | K68: =IF(H68="","",ROUND(IF(L68="휴일근로",MIN(H68,8)*1.5+MAX(0,H68-8)*2,I68*1.5)+N(J68)*0.5,2)) | L68: 정상
A69: 46098 | B69: =IF(A69="","",CHOOSE(WEEKDAY(A69,2),"월","화","수","목","금","토","일")) | C69: M001 | D69: =IFERROR(IF(C69="","",INDEX(직원명부!$B$5:$B$24,MATCH(C69,직원명부!$A$5:$A$24,0))),"사번 확인") | E69: 0.375 | F69: 0.75 | G69: 1 | H69: =IF(OR(E69="",F69=""),"",ROUND(MOD(F69-E69,1)*24-N(G69),2)) | I69: =IF(H69="","",ROUND(MAX(0,H69-8),2)) | J69: =IF(OR(E69="",F69=""),"",ROUND(IF(MOD(F69,1)>=TIME(22,0,0),(MOD(F69,1)-TIME(22,0,0))*24,IF(MOD(F69,1)<TIME(6,0,0),(MOD(F69,1)+1-TIME(22,0,0))*24,0)),2)) | K69: =IF(H69="","",ROUND(IF(L69="휴일근로",MIN(H69,8)*1.5+MAX(0,H69-8)*2,I69*1.5)+N(J69)*0.5,2)) | L69: 정상
A70: 46099 | B70: =IF(A70="","",CHOOSE(WEEKDAY(A70,2),"월","화","수","목","금","토","일")) | C70: M001 | D70: =IFERROR(IF(C70="","",INDEX(직원명부!$B$5:$B$24,MATCH(C70,직원명부!$A$5:$A$24,0))),"사번 확인") | E70: 0.375 | F70: 0.75 | G70: 1 | H70: =IF(OR(E70="",F70=""),"",ROUND(MOD(F70-E70,1)*24-N(G70),2)) | I70: =IF(H70="","",ROUND(MAX(0,H70-8),2)) | J70: =IF(OR(E70="",F70=""),"",ROUND(IF(MOD(F70,1)>=TIME(22,0,0),(MOD(F70,1)-TIME(22,0,0))*24,IF(MOD(F70,1)<TIME(6,0,0),(MOD(F70,1)+1-TIME(22,0,0))*24,0)),2)) | K70: =IF(H70="","",ROUND(IF(L70="휴일근로",MIN(H70,8)*1.5+MAX(0,H70-8)*2,I70*1.5)+N(J70)*0.5,2)) | L70: 정상
A71: 46100 | B71: =IF(A71="","",CHOOSE(WEEKDAY(A71,2),"월","화","수","목","금","토","일")) | C71: M001 | D71: =IFERROR(IF(C71="","",INDEX(직원명부!$B$5:$B$24,MATCH(C71,직원명부!$A$5:$A$24,0))),"사번 확인") | E71: 0.375 | F71: 0.75 | G71: 1 | H71: =IF(OR(E71="",F71=""),"",ROUND(MOD(F71-E71,1)*24-N(G71),2)) | I71: =IF(H71="","",ROUND(MAX(0,H71-8),2)) | J71: =IF(OR(E71="",F71=""),"",ROUND(IF(MOD(F71,1)>=TIME(22,0,0),(MOD(F71,1)-TIME(22,0,0))*24,IF(MOD(F71,1)<TIME(6,0,0),(MOD(F71,1)+1-TIME(22,0,0))*24,0)),2)) | K71: =IF(H71="","",ROUND(IF(L71="휴일근로",MIN(H71,8)*1.5+MAX(0,H71-8)*2,I71*1.5)+N(J71)*0.5,2)) | L71: 정상
A72: 46101 | B72: =IF(A72="","",CHOOSE(WEEKDAY(A72,2),"월","화","수","목","금","토","일")) | C72: M001 | D72: =IFERROR(IF(C72="","",INDEX(직원명부!$B$5:$B$24,MATCH(C72,직원명부!$A$5:$A$24,0))),"사번 확인") | E72: 0.375 | F72: 0.75 | G72: 1 | H72: =IF(OR(E72="",F72=""),"",ROUND(MOD(F72-E72,1)*24-N(G72),2)) | I72: =IF(H72="","",ROUND(MAX(0,H72-8),2)) | J72: =IF(OR(E72="",F72=""),"",ROUND(IF(MOD(F72,1)>=TIME(22,0,0),(MOD(F72,1)-TIME(22,0,0))*24,IF(MOD(F72,1)<TIME(6,0,0),(MOD(F72,1)+1-TIME(22,0,0))*24,0)),2)) | K72: =IF(H72="","",ROUND(IF(L72="휴일근로",MIN(H72,8)*1.5+MAX(0,H72-8)*2,I72*1.5)+N(J72)*0.5,2)) | L72: 정상
A73: 46102 | B73: =IF(A73="","",CHOOSE(WEEKDAY(A73,2),"월","화","수","목","금","토","일")) | C73: M001 | D73: =IFERROR(IF(C73="","",INDEX(직원명부!$B$5:$B$24,MATCH(C73,직원명부!$A$5:$A$24,0))),"사번 확인") | H73: =IF(OR(E73="",F73=""),"",ROUND(MOD(F73-E73,1)*24-N(G73),2)) | I73: =IF(H73="","",ROUND(MAX(0,H73-8),2)) | J73: =IF(OR(E73="",F73=""),"",ROUND(IF(MOD(F73,1)>=TIME(22,0,0),(MOD(F73,1)-TIME(22,0,0))*24,IF(MOD(F73,1)<TIME(6,0,0),(MOD(F73,1)+1-TIME(22,0,0))*24,0)),2)) | K73: =IF(H73="","",ROUND(IF(L73="휴일근로",MIN(H73,8)*1.5+MAX(0,H73-8)*2,I73*1.5)+N(J73)*0.5,2)) | N73: 주말
A74: 46103 | B74: =IF(A74="","",CHOOSE(WEEKDAY(A74,2),"월","화","수","목","금","토","일")) | C74: M001 | D74: =IFERROR(IF(C74="","",INDEX(직원명부!$B$5:$B$24,MATCH(C74,직원명부!$A$5:$A$24,0))),"사번 확인") | H74: =IF(OR(E74="",F74=""),"",ROUND(MOD(F74-E74,1)*24-N(G74),2)) | I74: =IF(H74="","",ROUND(MAX(0,H74-8),2)) | J74: =IF(OR(E74="",F74=""),"",ROUND(IF(MOD(F74,1)>=TIME(22,0,0),(MOD(F74,1)-TIME(22,0,0))*24,IF(MOD(F74,1)<TIME(6,0,0),(MOD(F74,1)+1-TIME(22,0,0))*24,0)),2)) | K74: =IF(H74="","",ROUND(IF(L74="휴일근로",MIN(H74,8)*1.5+MAX(0,H74-8)*2,I74*1.5)+N(J74)*0.5,2)) | N74: 주말
A75: 46104 | B75: =IF(A75="","",CHOOSE(WEEKDAY(A75,2),"월","화","수","목","금","토","일")) | C75: M001 | D75: =IFERROR(IF(C75="","",INDEX(직원명부!$B$5:$B$24,MATCH(C75,직원명부!$A$5:$A$24,0))),"사번 확인") | E75: 0.375 | F75: 0.75 | G75: 1 | H75: =IF(OR(E75="",F75=""),"",ROUND(MOD(F75-E75,1)*24-N(G75),2)) | I75: =IF(H75="","",ROUND(MAX(0,H75-8),2)) | J75: =IF(OR(E75="",F75=""),"",ROUND(IF(MOD(F75,1)>=TIME(22,0,0),(MOD(F75,1)-TIME(22,0,0))*24,IF(MOD(F75,1)<TIME(6,0,0),(MOD(F75,1)+1-TIME(22,0,0))*24,0)),2)) | K75: =IF(H75="","",ROUND(IF(L75="휴일근로",MIN(H75,8)*1.5+MAX(0,H75-8)*2,I75*1.5)+N(J75)*0.5,2)) | L75: 정상
A76: 46105 | B76: =IF(A76="","",CHOOSE(WEEKDAY(A76,2),"월","화","수","목","금","토","일")) | C76: M001 | D76: =IFERROR(IF(C76="","",INDEX(직원명부!$B$5:$B$24,MATCH(C76,직원명부!$A$5:$A$24,0))),"사번 확인") | E76: 0.375 | F76: 0.75 | G76: 1 | H76: =IF(OR(E76="",F76=""),"",ROUND(MOD(F76-E76,1)*24-N(G76),2)) | I76: =IF(H76="","",ROUND(MAX(0,H76-8),2)) | J76: =IF(OR(E76="",F76=""),"",ROUND(IF(MOD(F76,1)>=TIME(22,0,0),(MOD(F76,1)-TIME(22,0,0))*24,IF(MOD(F76,1)<TIME(6,0,0),(MOD(F76,1)+1-TIME(22,0,0))*24,0)),2)) | K76: =IF(H76="","",ROUND(IF(L76="휴일근로",MIN(H76,8)*1.5+MAX(0,H76-8)*2,I76*1.5)+N(J76)*0.5,2)) | L76: 정상
A77: 46106 | B77: =IF(A77="","",CHOOSE(WEEKDAY(A77,2),"월","화","수","목","금","토","일")) | C77: M001 | D77: =IFERROR(IF(C77="","",INDEX(직원명부!$B$5:$B$24,MATCH(C77,직원명부!$A$5:$A$24,0))),"사번 확인") | E77: 0.375 | F77: 0.75 | G77: 1 | H77: =IF(OR(E77="",F77=""),"",ROUND(MOD(F77-E77,1)*24-N(G77),2)) | I77: =IF(H77="","",ROUND(MAX(0,H77-8),2)) | J77: =IF(OR(E77="",F77=""),"",ROUND(IF(MOD(F77,1)>=TIME(22,0,0),(MOD(F77,1)-TIME(22,0,0))*24,IF(MOD(F77,1)<TIME(6,0,0),(MOD(F77,1)+1-TIME(22,0,0))*24,0)),2)) | K77: =IF(H77="","",ROUND(IF(L77="휴일근로",MIN(H77,8)*1.5+MAX(0,H77-8)*2,I77*1.5)+N(J77)*0.5,2)) | L77: 정상
A78: 46107 | B78: =IF(A78="","",CHOOSE(WEEKDAY(A78,2),"월","화","수","목","금","토","일")) | C78: M001 | D78: =IFERROR(IF(C78="","",INDEX(직원명부!$B$5:$B$24,MATCH(C78,직원명부!$A$5:$A$24,0))),"사번 확인") | E78: 0.375 | F78: 0.75 | G78: 1 | H78: =IF(OR(E78="",F78=""),"",ROUND(MOD(F78-E78,1)*24-N(G78),2)) | I78: =IF(H78="","",ROUND(MAX(0,H78-8),2)) | J78: =IF(OR(E78="",F78=""),"",ROUND(IF(MOD(F78,1)>=TIME(22,0,0),(MOD(F78,1)-TIME(22,0,0))*24,IF(MOD(F78,1)<TIME(6,0,0),(MOD(F78,1)+1-TIME(22,0,0))*24,0)),2)) | K78: =IF(H78="","",ROUND(IF(L78="휴일근로",MIN(H78,8)*1.5+MAX(0,H78-8)*2,I78*1.5)+N(J78)*0.5,2)) | L78: 정상
A79: 46108 | B79: =IF(A79="","",CHOOSE(WEEKDAY(A79,2),"월","화","수","목","금","토","일")) | C79: M001 | D79: =IFERROR(IF(C79="","",INDEX(직원명부!$B$5:$B$24,MATCH(C79,직원명부!$A$5:$A$24,0))),"사번 확인") | E79: 0.375 | F79: 0.75 | G79: 1 | H79: =IF(OR(E79="",F79=""),"",ROUND(MOD(F79-E79,1)*24-N(G79),2)) | I79: =IF(H79="","",ROUND(MAX(0,H79-8),2)) | J79: =IF(OR(E79="",F79=""),"",ROUND(IF(MOD(F79,1)>=TIME(22,0,0),(MOD(F79,1)-TIME(22,0,0))*24,IF(MOD(F79,1)<TIME(6,0,0),(MOD(F79,1)+1-TIME(22,0,0))*24,0)),2)) | K79: =IF(H79="","",ROUND(IF(L79="휴일근로",MIN(H79,8)*1.5+MAX(0,H79-8)*2,I79*1.5)+N(J79)*0.5,2)) | L79: 정상
A80: 46109 | B80: =IF(A80="","",CHOOSE(WEEKDAY(A80,2),"월","화","수","목","금","토","일")) | C80: M001 | D80: =IFERROR(IF(C80="","",INDEX(직원명부!$B$5:$B$24,MATCH(C80,직원명부!$A$5:$A$24,0))),"사번 확인") | H80: =IF(OR(E80="",F80=""),"",ROUND(MOD(F80-E80,1)*24-N(G80),2)) | I80: =IF(H80="","",ROUND(MAX(0,H80-8),2)) | J80: =IF(OR(E80="",F80=""),"",ROUND(IF(MOD(F80,1)>=TIME(22,0,0),(MOD(F80,1)-TIME(22,0,0))*24,IF(MOD(F80,1)<TIME(6,0,0),(MOD(F80,1)+1-TIME(22,0,0))*24,0)),2)) | K80: =IF(H80="","",ROUND(IF(L80="휴일근로",MIN(H80,8)*1.5+MAX(0,H80-8)*2,I80*1.5)+N(J80)*0.5,2)) | N80: 주말
A81: 46110 | B81: =IF(A81="","",CHOOSE(WEEKDAY(A81,2),"월","화","수","목","금","토","일")) | C81: M001 | D81: =IFERROR(IF(C81="","",INDEX(직원명부!$B$5:$B$24,MATCH(C81,직원명부!$A$5:$A$24,0))),"사번 확인") | H81: =IF(OR(E81="",F81=""),"",ROUND(MOD(F81-E81,1)*24-N(G81),2)) | I81: =IF(H81="","",ROUND(MAX(0,H81-8),2)) | J81: =IF(OR(E81="",F81=""),"",ROUND(IF(MOD(F81,1)>=TIME(22,0,0),(MOD(F81,1)-TIME(22,0,0))*24,IF(MOD(F81,1)<TIME(6,0,0),(MOD(F81,1)+1-TIME(22,0,0))*24,0)),2)) | K81: =IF(H81="","",ROUND(IF(L81="휴일근로",MIN(H81,8)*1.5+MAX(0,H81-8)*2,I81*1.5)+N(J81)*0.5,2)) | N81: 주말
A82: 46111 | B82: =IF(A82="","",CHOOSE(WEEKDAY(A82,2),"월","화","수","목","금","토","일")) | C82: M001 | D82: =IFERROR(IF(C82="","",INDEX(직원명부!$B$5:$B$24,MATCH(C82,직원명부!$A$5:$A$24,0))),"사번 확인") | E82: 0.375 | F82: 0.75 | G82: 1 | H82: =IF(OR(E82="",F82=""),"",ROUND(MOD(F82-E82,1)*24-N(G82),2)) | I82: =IF(H82="","",ROUND(MAX(0,H82-8),2)) | J82: =IF(OR(E82="",F82=""),"",ROUND(IF(MOD(F82,1)>=TIME(22,0,0),(MOD(F82,1)-TIME(22,0,0))*24,IF(MOD(F82,1)<TIME(6,0,0),(MOD(F82,1)+1-TIME(22,0,0))*24,0)),2)) | K82: =IF(H82="","",ROUND(IF(L82="휴일근로",MIN(H82,8)*1.5+MAX(0,H82-8)*2,I82*1.5)+N(J82)*0.5,2)) | L82: 정상
A83: 46112 | B83: =IF(A83="","",CHOOSE(WEEKDAY(A83,2),"월","화","수","목","금","토","일")) | C83: M001 | D83: =IFERROR(IF(C83="","",INDEX(직원명부!$B$5:$B$24,MATCH(C83,직원명부!$A$5:$A$24,0))),"사번 확인") | E83: 0.375 | F83: 0.75 | G83: 1 | H83: =IF(OR(E83="",F83=""),"",ROUND(MOD(F83-E83,1)*24-N(G83),2)) | I83: =IF(H83="","",ROUND(MAX(0,H83-8),2)) | J83: =IF(OR(E83="",F83=""),"",ROUND(IF(MOD(F83,1)>=TIME(22,0,0),(MOD(F83,1)-TIME(22,0,0))*24,IF(MOD(F83,1)<TIME(6,0,0),(MOD(F83,1)+1-TIME(22,0,0))*24,0)),2)) | K83: =IF(H83="","",ROUND(IF(L83="휴일근로",MIN(H83,8)*1.5+MAX(0,H83-8)*2,I83*1.5)+N(J83)*0.5,2)) | L83: 정상
A84: 46113 | B84: =IF(A84="","",CHOOSE(WEEKDAY(A84,2),"월","화","수","목","금","토","일")) | C84: M001 | D84: =IFERROR(IF(C84="","",INDEX(직원명부!$B$5:$B$24,MATCH(C84,직원명부!$A$5:$A$24,0))),"사번 확인") | E84: 0.375 | F84: 0.75 | G84: 1 | H84: =IF(OR(E84="",F84=""),"",ROUND(MOD(F84-E84,1)*24-N(G84),2)) | I84: =IF(H84="","",ROUND(MAX(0,H84-8),2)) | J84: =IF(OR(E84="",F84=""),"",ROUND(IF(MOD(F84,1)>=TIME(22,0,0),(MOD(F84,1)-TIME(22,0,0))*24,IF(MOD(F84,1)<TIME(6,0,0),(MOD(F84,1)+1-TIME(22,0,0))*24,0)),2)) | K84: =IF(H84="","",ROUND(IF(L84="휴일근로",MIN(H84,8)*1.5+MAX(0,H84-8)*2,I84*1.5)+N(J84)*0.5,2)) | L84: 정상
A85: 46114 | B85: =IF(A85="","",CHOOSE(WEEKDAY(A85,2),"월","화","수","목","금","토","일")) | C85: M001 | D85: =IFERROR(IF(C85="","",INDEX(직원명부!$B$5:$B$24,MATCH(C85,직원명부!$A$5:$A$24,0))),"사번 확인") | E85: 0.375 | F85: 0.75 | G85: 1 | H85: =IF(OR(E85="",F85=""),"",ROUND(MOD(F85-E85,1)*24-N(G85),2)) | I85: =IF(H85="","",ROUND(MAX(0,H85-8),2)) | J85: =IF(OR(E85="",F85=""),"",ROUND(IF(MOD(F85,1)>=TIME(22,0,0),(MOD(F85,1)-TIME(22,0,0))*24,IF(MOD(F85,1)<TIME(6,0,0),(MOD(F85,1)+1-TIME(22,0,0))*24,0)),2)) | K85: =IF(H85="","",ROUND(IF(L85="휴일근로",MIN(H85,8)*1.5+MAX(0,H85-8)*2,I85*1.5)+N(J85)*0.5,2)) | L85: 정상
A86: 46115 | B86: =IF(A86="","",CHOOSE(WEEKDAY(A86,2),"월","화","수","목","금","토","일")) | C86: M001 | D86: =IFERROR(IF(C86="","",INDEX(직원명부!$B$5:$B$24,MATCH(C86,직원명부!$A$5:$A$24,0))),"사번 확인") | E86: 0.375 | F86: 0.75 | G86: 1 | H86: =IF(OR(E86="",F86=""),"",ROUND(MOD(F86-E86,1)*24-N(G86),2)) | I86: =IF(H86="","",ROUND(MAX(0,H86-8),2)) | J86: =IF(OR(E86="",F86=""),"",ROUND(IF(MOD(F86,1)>=TIME(22,0,0),(MOD(F86,1)-TIME(22,0,0))*24,IF(MOD(F86,1)<TIME(6,0,0),(MOD(F86,1)+1-TIME(22,0,0))*24,0)),2)) | K86: =IF(H86="","",ROUND(IF(L86="휴일근로",MIN(H86,8)*1.5+MAX(0,H86-8)*2,I86*1.5)+N(J86)*0.5,2)) | L86: 정상
A87: 46116 | B87: =IF(A87="","",CHOOSE(WEEKDAY(A87,2),"월","화","수","목","금","토","일")) | C87: M001 | D87: =IFERROR(IF(C87="","",INDEX(직원명부!$B$5:$B$24,MATCH(C87,직원명부!$A$5:$A$24,0))),"사번 확인") | H87: =IF(OR(E87="",F87=""),"",ROUND(MOD(F87-E87,1)*24-N(G87),2)) | I87: =IF(H87="","",ROUND(MAX(0,H87-8),2)) | J87: =IF(OR(E87="",F87=""),"",ROUND(IF(MOD(F87,1)>=TIME(22,0,0),(MOD(F87,1)-TIME(22,0,0))*24,IF(MOD(F87,1)<TIME(6,0,0),(MOD(F87,1)+1-TIME(22,0,0))*24,0)),2)) | K87: =IF(H87="","",ROUND(IF(L87="휴일근로",MIN(H87,8)*1.5+MAX(0,H87-8)*2,I87*1.5)+N(J87)*0.5,2)) | N87: 주말
A88: 46117 | B88: =IF(A88="","",CHOOSE(WEEKDAY(A88,2),"월","화","수","목","금","토","일")) | C88: M001 | D88: =IFERROR(IF(C88="","",INDEX(직원명부!$B$5:$B$24,MATCH(C88,직원명부!$A$5:$A$24,0))),"사번 확인") | H88: =IF(OR(E88="",F88=""),"",ROUND(MOD(F88-E88,1)*24-N(G88),2)) | I88: =IF(H88="","",ROUND(MAX(0,H88-8),2)) | J88: =IF(OR(E88="",F88=""),"",ROUND(IF(MOD(F88,1)>=TIME(22,0,0),(MOD(F88,1)-TIME(22,0,0))*24,IF(MOD(F88,1)<TIME(6,0,0),(MOD(F88,1)+1-TIME(22,0,0))*24,0)),2)) | K88: =IF(H88="","",ROUND(IF(L88="휴일근로",MIN(H88,8)*1.5+MAX(0,H88-8)*2,I88*1.5)+N(J88)*0.5,2)) | N88: 주말
A89: 46118 | B89: =IF(A89="","",CHOOSE(WEEKDAY(A89,2),"월","화","수","목","금","토","일")) | C89: M001 | D89: =IFERROR(IF(C89="","",INDEX(직원명부!$B$5:$B$24,MATCH(C89,직원명부!$A$5:$A$24,0))),"사번 확인") | E89: 0.375 | F89: 0.75 | G89: 1 | H89: =IF(OR(E89="",F89=""),"",ROUND(MOD(F89-E89,1)*24-N(G89),2)) | I89: =IF(H89="","",ROUND(MAX(0,H89-8),2)) | J89: =IF(OR(E89="",F89=""),"",ROUND(IF(MOD(F89,1)>=TIME(22,0,0),(MOD(F89,1)-TIME(22,0,0))*24,IF(MOD(F89,1)<TIME(6,0,0),(MOD(F89,1)+1-TIME(22,0,0))*24,0)),2)) | K89: =IF(H89="","",ROUND(IF(L89="휴일근로",MIN(H89,8)*1.5+MAX(0,H89-8)*2,I89*1.5)+N(J89)*0.5,2)) | L89: 정상
A90: 46119 | B90: =IF(A90="","",CHOOSE(WEEKDAY(A90,2),"월","화","수","목","금","토","일")) | C90: M001 | D90: =IFERROR(IF(C90="","",INDEX(직원명부!$B$5:$B$24,MATCH(C90,직원명부!$A$5:$A$24,0))),"사번 확인") | E90: 0.375 | F90: 0.75 | G90: 1 | H90: =IF(OR(E90="",F90=""),"",ROUND(MOD(F90-E90,1)*24-N(G90),2)) | I90: =IF(H90="","",ROUND(MAX(0,H90-8),2)) | J90: =IF(OR(E90="",F90=""),"",ROUND(IF(MOD(F90,1)>=TIME(22,0,0),(MOD(F90,1)-TIME(22,0,0))*24,IF(MOD(F90,1)<TIME(6,0,0),(MOD(F90,1)+1-TIME(22,0,0))*24,0)),2)) | K90: =IF(H90="","",ROUND(IF(L90="휴일근로",MIN(H90,8)*1.5+MAX(0,H90-8)*2,I90*1.5)+N(J90)*0.5,2)) | L90: 정상
A91: 46120 | B91: =IF(A91="","",CHOOSE(WEEKDAY(A91,2),"월","화","수","목","금","토","일")) | C91: M001 | D91: =IFERROR(IF(C91="","",INDEX(직원명부!$B$5:$B$24,MATCH(C91,직원명부!$A$5:$A$24,0))),"사번 확인") | E91: 0.375 | F91: 0.75 | G91: 1 | H91: =IF(OR(E91="",F91=""),"",ROUND(MOD(F91-E91,1)*24-N(G91),2)) | I91: =IF(H91="","",ROUND(MAX(0,H91-8),2)) | J91: =IF(OR(E91="",F91=""),"",ROUND(IF(MOD(F91,1)>=TIME(22,0,0),(MOD(F91,1)-TIME(22,0,0))*24,IF(MOD(F91,1)<TIME(6,0,0),(MOD(F91,1)+1-TIME(22,0,0))*24,0)),2)) | K91: =IF(H91="","",ROUND(IF(L91="휴일근로",MIN(H91,8)*1.5+MAX(0,H91-8)*2,I91*1.5)+N(J91)*0.5,2)) | L91: 정상
A92: 46121 | B92: =IF(A92="","",CHOOSE(WEEKDAY(A92,2),"월","화","수","목","금","토","일")) | C92: M001 | D92: =IFERROR(IF(C92="","",INDEX(직원명부!$B$5:$B$24,MATCH(C92,직원명부!$A$5:$A$24,0))),"사번 확인") | E92: 0.375 | F92: 0.75 | G92: 1 | H92: =IF(OR(E92="",F92=""),"",ROUND(MOD(F92-E92,1)*24-N(G92),2)) | I92: =IF(H92="","",ROUND(MAX(0,H92-8),2)) | J92: =IF(OR(E92="",F92=""),"",ROUND(IF(MOD(F92,1)>=TIME(22,0,0),(MOD(F92,1)-TIME(22,0,0))*24,IF(MOD(F92,1)<TIME(6,0,0),(MOD(F92,1)+1-TIME(22,0,0))*24,0)),2)) | K92: =IF(H92="","",ROUND(IF(L92="휴일근로",MIN(H92,8)*1.5+MAX(0,H92-8)*2,I92*1.5)+N(J92)*0.5,2)) | L92: 정상
A93: 46122 | B93: =IF(A93="","",CHOOSE(WEEKDAY(A93,2),"월","화","수","목","금","토","일")) | C93: M001 | D93: =IFERROR(IF(C93="","",INDEX(직원명부!$B$5:$B$24,MATCH(C93,직원명부!$A$5:$A$24,0))),"사번 확인") | E93: 0.375 | F93: 0.75 | G93: 1 | H93: =IF(OR(E93="",F93=""),"",ROUND(MOD(F93-E93,1)*24-N(G93),2)) | I93: =IF(H93="","",ROUND(MAX(0,H93-8),2)) | J93: =IF(OR(E93="",F93=""),"",ROUND(IF(MOD(F93,1)>=TIME(22,0,0),(MOD(F93,1)-TIME(22,0,0))*24,IF(MOD(F93,1)<TIME(6,0,0),(MOD(F93,1)+1-TIME(22,0,0))*24,0)),2)) | K93: =IF(H93="","",ROUND(IF(L93="휴일근로",MIN(H93,8)*1.5+MAX(0,H93-8)*2,I93*1.5)+N(J93)*0.5,2)) | L93: 정상
A94: 46123 | B94: =IF(A94="","",CHOOSE(WEEKDAY(A94,2),"월","화","수","목","금","토","일")) | C94: M001 | D94: =IFERROR(IF(C94="","",INDEX(직원명부!$B$5:$B$24,MATCH(C94,직원명부!$A$5:$A$24,0))),"사번 확인") | H94: =IF(OR(E94="",F94=""),"",ROUND(MOD(F94-E94,1)*24-N(G94),2)) | I94: =IF(H94="","",ROUND(MAX(0,H94-8),2)) | J94: =IF(OR(E94="",F94=""),"",ROUND(IF(MOD(F94,1)>=TIME(22,0,0),(MOD(F94,1)-TIME(22,0,0))*24,IF(MOD(F94,1)<TIME(6,0,0),(MOD(F94,1)+1-TIME(22,0,0))*24,0)),2)) | K94: =IF(H94="","",ROUND(IF(L94="휴일근로",MIN(H94,8)*1.5+MAX(0,H94-8)*2,I94*1.5)+N(J94)*0.5,2)) | N94: 주말
A95: 46124 | B95: =IF(A95="","",CHOOSE(WEEKDAY(A95,2),"월","화","수","목","금","토","일")) | C95: M001 | D95: =IFERROR(IF(C95="","",INDEX(직원명부!$B$5:$B$24,MATCH(C95,직원명부!$A$5:$A$24,0))),"사번 확인") | H95: =IF(OR(E95="",F95=""),"",ROUND(MOD(F95-E95,1)*24-N(G95),2)) | I95: =IF(H95="","",ROUND(MAX(0,H95-8),2)) | J95: =IF(OR(E95="",F95=""),"",ROUND(IF(MOD(F95,1)>=TIME(22,0,0),(MOD(F95,1)-TIME(22,0,0))*24,IF(MOD(F95,1)<TIME(6,0,0),(MOD(F95,1)+1-TIME(22,0,0))*24,0)),2)) | K95: =IF(H95="","",ROUND(IF(L95="휴일근로",MIN(H95,8)*1.5+MAX(0,H95-8)*2,I95*1.5)+N(J95)*0.5,2)) | N95: 주말
A96: 46125 | B96: =IF(A96="","",CHOOSE(WEEKDAY(A96,2),"월","화","수","목","금","토","일")) | C96: M001 | D96: =IFERROR(IF(C96="","",INDEX(직원명부!$B$5:$B$24,MATCH(C96,직원명부!$A$5:$A$24,0))),"사번 확인") | E96: 0.375 | F96: 0.75 | G96: 1 | H96: =IF(OR(E96="",F96=""),"",ROUND(MOD(F96-E96,1)*24-N(G96),2)) | I96: =IF(H96="","",ROUND(MAX(0,H96-8),2)) | J96: =IF(OR(E96="",F96=""),"",ROUND(IF(MOD(F96,1)>=TIME(22,0,0),(MOD(F96,1)-TIME(22,0,0))*24,IF(MOD(F96,1)<TIME(6,0,0),(MOD(F96,1)+1-TIME(22,0,0))*24,0)),2)) | K96: =IF(H96="","",ROUND(IF(L96="휴일근로",MIN(H96,8)*1.5+MAX(0,H96-8)*2,I96*1.5)+N(J96)*0.5,2)) | L96: 정상
A97: 46126 | B97: =IF(A97="","",CHOOSE(WEEKDAY(A97,2),"월","화","수","목","금","토","일")) | C97: M001 | D97: =IFERROR(IF(C97="","",INDEX(직원명부!$B$5:$B$24,MATCH(C97,직원명부!$A$5:$A$24,0))),"사번 확인") | E97: 0.375 | F97: 0.75 | G97: 1 | H97: =IF(OR(E97="",F97=""),"",ROUND(MOD(F97-E97,1)*24-N(G97),2)) | I97: =IF(H97="","",ROUND(MAX(0,H97-8),2)) | J97: =IF(OR(E97="",F97=""),"",ROUND(IF(MOD(F97,1)>=TIME(22,0,0),(MOD(F97,1)-TIME(22,0,0))*24,IF(MOD(F97,1)<TIME(6,0,0),(MOD(F97,1)+1-TIME(22,0,0))*24,0)),2)) | K97: =IF(H97="","",ROUND(IF(L97="휴일근로",MIN(H97,8)*1.5+MAX(0,H97-8)*2,I97*1.5)+N(J97)*0.5,2)) | L97: 정상
A98: 46127 | B98: =IF(A98="","",CHOOSE(WEEKDAY(A98,2),"월","화","수","목","금","토","일")) | C98: M001 | D98: =IFERROR(IF(C98="","",INDEX(직원명부!$B$5:$B$24,MATCH(C98,직원명부!$A$5:$A$24,0))),"사번 확인") | E98: 0.375 | F98: 0.75 | G98: 1 | H98: =IF(OR(E98="",F98=""),"",ROUND(MOD(F98-E98,1)*24-N(G98),2)) | I98: =IF(H98="","",ROUND(MAX(0,H98-8),2)) | J98: =IF(OR(E98="",F98=""),"",ROUND(IF(MOD(F98,1)>=TIME(22,0,0),(MOD(F98,1)-TIME(22,0,0))*24,IF(MOD(F98,1)<TIME(6,0,0),(MOD(F98,1)+1-TIME(22,0,0))*24,0)),2)) | K98: =IF(H98="","",ROUND(IF(L98="휴일근로",MIN(H98,8)*1.5+MAX(0,H98-8)*2,I98*1.5)+N(J98)*0.5,2)) | L98: 정상
A99: 46128 | B99: =IF(A99="","",CHOOSE(WEEKDAY(A99,2),"월","화","수","목","금","토","일")) | C99: M001 | D99: =IFERROR(IF(C99="","",INDEX(직원명부!$B$5:$B$24,MATCH(C99,직원명부!$A$5:$A$24,0))),"사번 확인") | E99: 0.375 | F99: 0.75 | G99: 1 | H99: =IF(OR(E99="",F99=""),"",ROUND(MOD(F99-E99,1)*24-N(G99),2)) | I99: =IF(H99="","",ROUND(MAX(0,H99-8),2)) | J99: =IF(OR(E99="",F99=""),"",ROUND(IF(MOD(F99,1)>=TIME(22,0,0),(MOD(F99,1)-TIME(22,0,0))*24,IF(MOD(F99,1)<TIME(6,0,0),(MOD(F99,1)+1-TIME(22,0,0))*24,0)),2)) | K99: =IF(H99="","",ROUND(IF(L99="휴일근로",MIN(H99,8)*1.5+MAX(0,H99-8)*2,I99*1.5)+N(J99)*0.5,2)) | L99: 정상
A100: 46129 | B100: =IF(A100="","",CHOOSE(WEEKDAY(A100,2),"월","화","수","목","금","토","일")) | C100: M001 | D100: =IFERROR(IF(C100="","",INDEX(직원명부!$B$5:$B$24,MATCH(C100,직원명부!$A$5:$A$24,0))),"사번 확인") | E100: 0.375 | F100: 0.75 | G100: 1 | H100: =IF(OR(E100="",F100=""),"",ROUND(MOD(F100-E100,1)*24-N(G100),2)) | I100: =IF(H100="","",ROUND(MAX(0,H100-8),2)) | J100: =IF(OR(E100="",F100=""),"",ROUND(IF(MOD(F100,1)>=TIME(22,0,0),(MOD(F100,1)-TIME(22,0,0))*24,IF(MOD(F100,1)<TIME(6,0,0),(MOD(F100,1)+1-TIME(22,0,0))*24,0)),2)) | K100: =IF(H100="","",ROUND(IF(L100="휴일근로",MIN(H100,8)*1.5+MAX(0,H100-8)*2,I100*1.5)+N(J100)*0.5,2)) | L100: 정상
...

Sheet 월별집계
A1: 월별집계
A2: 조회할 달의 1일 날짜만 바꾸면 그 달 실적이 직원별로 자동 집계됩니다.
A3: 조회 월 | B3: 46266 | C3: ← 반드시 해당 월 1일 날짜로 넣으세요. (예: 2026-05-01)
A4: 사번 | B4: 성명 | C4: 재직상태 | D4: 근무일수 | E4: 총 근무시간 | F4: 연장시간 | G4: 지각 | H4: 조퇴 | I4: 결근 | J4: 연차사용 | K4: 기타휴가
A5: =IF(직원명부!A5="","",직원명부!A5) | B5: =IF(직원명부!B5="","",직원명부!B5) | C5: =IF(직원명부!F5="","",직원명부!F5) | D5: =IF($A5="","",COUNTIFS(근태기록!$C$5:$C$2004,$A5,근태기록!$A$5:$A$2004,">="&$B$3,근태기록!$A$5:$A$2004,"<="&EOMONTH($B$3,0),근태기록!$H$5:$H$2004,">0")) | E5: =IF($A5="","",SUMIFS(근태기록!$H$5:$H$2004,근태기록!$C$5:$C$2004,$A5,근태기록!$A$5:$A$2004,">="&$B$3,근태기록!$A$5:$A$2004,"<="&EOMONTH($B$3,0))) | F5: =IF($A5="","",SUMIFS(근태기록!$I$5:$I$2004,근태기록!$C$5:$C$2004,$A5,근태기록!$A$5:$A$2004,">="&$B$3,근태기록!$A$5:$A$2004,"<="&EOMONTH($B$3,0))) | G5: =IF($A5="","",COUNTIFS(근태기록!$C$5:$C$2004,$A5,근태기록!$A$5:$A$2004,">="&$B$3,근태기록!$A$5:$A$2004,"<="&EOMONTH($B$3,0),근태기록!$L$5:$L$2004,"지각")) | H5: =IF($A5="","",COUNTIFS(근태기록!$C$5:$C$2004,$A5,근태기록!$A$5:$A$2004,">="&$B$3,근태기록!$A$5:$A$2004,"<="&EOMONTH($B$3,0),근태기록!$L$5:$L$2004,"조퇴")) | I5: =IF($A5="","",COUNTIFS(근태기록!$C$5:$C$2004,$A5,근태기록!$A$5:$A$2004,">="&$B$3,근태기록!$A$5:$A$2004,"<="&EOMONTH($B$3,0),근태기록!$L$5:$L$2004,"결근")) | J5: =IF($A5="","",SUMIFS(휴가대장!$F$5:$F$504,휴가대장!$B$5:$B$504,$A5,휴가대장!$E$5:$E$504,"연차",휴가대장!$D$5:$D$504,">="&$B$3,휴가대장!$D$5:$D$504,"<="&EOMONTH($B$3,0))) | K5: =IF($A5="","",SUMIFS(휴가대장!$F$5:$F$504,휴가대장!$B$5:$B$504,$A5,휴가대장!$D$5:$D$504,">="&$B$3,휴가대장!$D$5:$D$504,"<="&EOMONTH($B$3,0))-SUMIFS(휴가대장!$F$5:$F$504,휴가대장!$B$5:$B$504,$A5,휴가대장!$E$5:$E$504,"연차",휴가대장!$D$5:$D$504,">="&$B$3,휴가대장!$D$5:$D$504,"<="&EOMONTH($B$3,0)))
A6: =IF(직원명부!A6="","",직원명부!A6) | B6: =IF(직원명부!B6="","",직원명부!B6) | C6: =IF(직원명부!F6="","",직원명부!F6) | D6: =IF($A6="","",COUNTIFS(근태기록!$C$5:$C$2004,$A6,근태기록!$A$5:$A$2004,">="&$B$3,근태기록!$A$5:$A$2004,"<="&EOMONTH($B$3,0),근태기록!$H$5:$H$2004,">0")) | E6: =IF($A6="","",SUMIFS(근태기록!$H$5:$H$2004,근태기록!$C$5:$C$2004,$A6,근태기록!$A$5:$A$2004,">="&$B$3,근태기록!$A$5:$A$2004,"<="&EOMONTH($B$3,0))) | F6: =IF($A6="","",SUMIFS(근태기록!$I$5:$I$2004,근태기록!$C$5:$C$2004,$A6,근태기록!$A$5:$A$2004,">="&$B$3,근태기록!$A$5:$A$2004,"<="&EOMONTH($B$3,0))) | G6: =IF($A6="","",COUNTIFS(근태기록!$C$5:$C$2004,$A6,근태기록!$A$5:$A$2004,">="&$B$3,근태기록!$A$5:$A$2004,"<="&EOMONTH($B$3,0),근태기록!$L$5:$L$2004,"지각")) | H6: =IF($A6="","",COUNTIFS(근태기록!$C$5:$C$2004,$A6,근태기록!$A$5:$A$2004,">="&$B$3,근태기록!$A$5:$A$2004,"<="&EOMONTH($B$3,0),근태기록!$L$5:$L$2004,"조퇴")) | I6: =IF($A6="","",COUNTIFS(근태기록!$C$5:$C$2004,$A6,근태기록!$A$5:$A$2004,">="&$B$3,근태기록!$A$5:$A$2004,"<="&EOMONTH($B$3,0),근태기록!$L$5:$L$2004,"결근")) | J6: =IF($A6="","",SUMIFS(휴가대장!$F$5:$F$504,휴가대장!$B$5:$B$504,$A6,휴가대장!$E$5:$E$504,"연차",휴가대장!$D$5:$D$504,">="&$B$3,휴가대장!$D$5:$D$504,"<="&EOMONTH($B$3,0))) | K6: =IF($A6="","",SUMIFS(휴가대장!$F$5:$F$504,휴가대장!$B$5:$B$504,$A6,휴가대장!$D$5:$D$504,">="&$B$3,휴가대장!$D$5:$D$504,"<="&EOMONTH($B$3,0))-SUMIFS(휴가대장!$F$5:$F$504,휴가대장!$B$5:$B$504,$A6,휴가대장!$E$5:$E$504,"연차",휴가대장!$D$5:$D$504,">="&$B$3,휴가대장!$D$5:$D$504,"<="&EOMONTH($B$3,0)))
A7: =IF(직원명부!A7="","",직원명부!A7) | B7: =IF(직원명부!B7="","",직원명부!B7) | C7: =IF(직원명부!F7="","",직원명부!F7) | D7: =IF($A7="","",COUNTIFS(근태기록!$C$5:$C$2004,$A7,근태기록!$A$5:$A$2004,">="&$B$3,근태기록!$A$5:$A$2004,"<="&EOMONTH($B$3,0),근태기록!$H$5:$H$2004,">0")) | E7: =IF($A7="","",SUMIFS(근태기록!$H$5:$H$2004,근태기록!$C$5:$C$2004,$A7,근태기록!$A$5:$A$2004,">="&$B$3,근태기록!$A$5:$A$2004,"<="&EOMONTH($B$3,0))) | F7: =IF($A7="","",SUMIFS(근태기록!$I$5:$I$2004,근태기록!$C$5:$C$2004,$A7,근태기록!$A$5:$A$2004,">="&$B$3,근태기록!$A$5:$A$2004,"<="&EOMONTH($B$3,0))) | G7: =IF($A7="","",COUNTIFS(근태기록!$C$5:$C$2004,$A7,근태기록!$A$5:$A$2004,">="&$B$3,근태기록!$A$5:$A$2004,"<="&EOMONTH($B$3,0),근태기록!$L$5:$L$2004,"지각")) | H7: =IF($A7="","",COUNTIFS(근태기록!$C$5:$C$2004,$A7,근태기록!$A$5:$A$2004,">="&$B$3,근태기록!$A$5:$A$2004,"<="&EOMONTH($B$3,0),근태기록!$L$5:$L$2004,"조퇴")) | I7: =IF($A7="","",COUNTIFS(근태기록!$C$5:$C$2004,$A7,근태기록!$A$5:$A$2004,">="&$B$3,근태기록!$A$5:$A$2004,"<="&EOMONTH($B$3,0),근태기록!$L$5:$L$2004,"결근")) | J7: =IF($A7="","",SUMIFS(휴가대장!$F$5:$F$504,휴가대장!$B$5:$B$504,$A7,휴가대장!$E$5:$E$504,"연차",휴가대장!$D$5:$D$504,">="&$B$3,휴가대장!$D$5:$D$504,"<="&EOMONTH($B$3,0))) | K7: =IF($A7="","",SUMIFS(휴가대장!$F$5:$F$504,휴가대장!$B$5:$B$504,$A7,휴가대장!$D$5:$D$504,">="&$B$3,휴가대장!$D$5:$D$504,"<="&EOMONTH($B$3,0))-SUMIFS(휴가대장!$F$5:$F$504,휴가대장!$B$5:$B$504,$A7,휴가대장!$E$5:$E$504,"연차",휴가대장!$D$5:$D$504,">="&$B$3,휴가대장!$D$5:$D$504,"<="&EOMONTH($B$3,0)))
A8: =IF(직원명부!A8="","",직원명부!A8) | B8: =IF(직원명부!B8="","",직원명부!B8) | C8: =IF(직원명부!F8="","",직원명부!F8) | D8: =IF($A8="","",COUNTIFS(근태기록!$C$5:$C$2004,$A8,근태기록!$A$5:$A$2004,">="&$B$3,근태기록!$A$5:$A$2004,"<="&EOMONTH($B$3,0),근태기록!$H$5:$H$2004,">0")) | E8: =IF($A8="","",SUMIFS(근태기록!$H$5:$H$2004,근태기록!$C$5:$C$2004,$A8,근태기록!$A$5:$A$2004,">="&$B$3,근태기록!$A$5:$A$2004,"<="&EOMONTH($B$3,0))) | F8: =IF($A8="","",SUMIFS(근태기록!$I$5:$I$2004,근태기록!$C$5:$C$2004,$A8,근태기록!$A$5:$A$2004,">="&$B$3,근태기록!$A$5:$A$2004,"<="&EOMONTH($B$3,0))) | G8: =IF($A8="","",COUNTIFS(근태기록!$C$5:$C$2004,$A8,근태기록!$A$5:$A$2004,">="&$B$3,근태기록!$A$5:$A$2004,"<="&EOMONTH($B$3,0),근태기록!$L$5:$L$2004,"지각")) | H8: =IF($A8="","",COUNTIFS(근태기록!$C$5:$C$2004,$A8,근태기록!$A$5:$A$2004,">="&$B$3,근태기록!$A$5:$A$2004,"<="&EOMONTH($B$3,0),근태기록!$L$5:$L$2004,"조퇴")) | I8: =IF($A8="","",COUNTIFS(근태기록!$C$5:$C$2004,$A8,근태기록!$A$5:$A$2004,">="&$B$3,근태기록!$A$5:$A$2004,"<="&EOMONTH($B$3,0),근태기록!$L$5:$L$2004,"결근")) | J8: =IF($A8="","",SUMIFS(휴가대장!$F$5:$F$504,휴가대장!$B$5:$B$504,$A8,휴가대장!$E$5:$E$504,"연차",휴가대장!$D$5:$D$504,">="&$B$3,휴가대장!$D$5:$D$504,"<="&EOMONTH($B$3,0))) | K8: =IF($A8="","",SUMIFS(휴가대장!$F$5:$F$504,휴가대장!$B$5:$B$504,$A8,휴가대장!$D$5:$D$504,">="&$B$3,휴가대장!$D$5:$D$504,"<="&EOMONTH($B$3,0))-SUMIFS(휴가대장!$F$5:$F$504,휴가대장!$B$5:$B$504,$A8,휴가대장!$E$5:$E$504,"연차",휴가대장!$D$5:$D$504,">="&$B$3,휴가대장!$D$5:$D$504,"<="&EOMONTH($B$3,0)))
A9: =IF(직원명부!A9="","",직원명부!A9) | B9: =IF(직원명부!B9="","",직원명부!B9) | C9: =IF(직원명부!F9="","",직원명부!F9) | D9: =IF($A9="","",COUNTIFS(근태기록!$C$5:$C$2004,$A9,근태기록!$A$5:$A$2004,">="&$B$3,근태기록!$A$5:$A$2004,"<="&EOMONTH($B$3,0),근태기록!$H$5:$H$2004,">0")) | E9: =IF($A9="","",SUMIFS(근태기록!$H$5:$H$2004,근태기록!$C$5:$C$2004,$A9,근태기록!$A$5:$A$2004,">="&$B$3,근태기록!$A$5:$A$2004,"<="&EOMONTH($B$3,0))) | F9: =IF($A9="","",SUMIFS(근태기록!$I$5:$I$2004,근태기록!$C$5:$C$2004,$A9,근태기록!$A$5:$A$2004,">="&$B$3,근태기록!$A$5:$A$2004,"<="&EOMONTH($B$3,0))) | G9: =IF($A9="","",COUNTIFS(근태기록!$C$5:$C$2004,$A9,근태기록!$A$5:$A$2004,">="&$B$3,근태기록!$A$5:$A$2004,"<="&EOMONTH($B$3,0),근태기록!$L$5:$L$2004,"지각")) | H9: =IF($A9="","",COUNTIFS(근태기록!$C$5:$C$2004,$A9,근태기록!$A$5:$A$2004,">="&$B$3,근태기록!$A$5:$A$2004,"<="&EOMONTH($B$3,0),근태기록!$L$5:$L$2004,"조퇴")) | I9: =IF($A9="","",COUNTIFS(근태기록!$C$5:$C$2004,$A9,근태기록!$A$5:$A$2004,">="&$B$3,근태기록!$A$5:$A$2004,"<="&EOMONTH($B$3,0),근태기록!$L$5:$L$2004,"결근")) | J9: =IF($A9="","",SUMIFS(휴가대장!$F$5:$F$504,휴가대장!$B$5:$B$504,$A9,휴가대장!$E$5:$E$504,"연차",휴가대장!$D$5:$D$504,">="&$B$3,휴가대장!$D$5:$D$504,"<="&EOMONTH($B$3,0))) | K9: =IF($A9="","",SUMIFS(휴가대장!$F$5:$F$504,휴가대장!$B$5:$B$504,$A9,휴가대장!$D$5:$D$504,">="&$B$3,휴가대장!$D$5:$D$504,"<="&EOMONTH($B$3,0))-SUMIFS(휴가대장!$F$5:$F$504,휴가대장!$B$5:$B$504,$A9,휴가대장!$E$5:$E$504,"연차",휴가대장!$D$5:$D$504,">="&$B$3,휴가대장!$D$5:$D$504,"<="&EOMONTH($B$3,0)))
A10: =IF(직원명부!A10="","",직원명부!A10) | B10: =IF(직원명부!B10="","",직원명부!B10) | C10: =IF(직원명부!F10="","",직원명부!F10) | D10: =IF($A10="","",COUNTIFS(근태기록!$C$5:$C$2004,$A10,근태기록!$A$5:$A$2004,">="&$B$3,근태기록!$A$5:$A$2004,"<="&EOMONTH($B$3,0),근태기록!$H$5:$H$2004,">0")) | E10: =IF($A10="","",SUMIFS(근태기록!$H$5:$H$2004,근태기록!$C$5:$C$2004,$A10,근태기록!$A$5:$A$2004,">="&$B$3,근태기록!$A$5:$A$2004,"<="&EOMONTH($B$3,0))) | F10: =IF($A10="","",SUMIFS(근태기록!$I$5:$I$2004,근태기록!$C$5:$C$2004,$A10,근태기록!$A$5:$A$2004,">="&$B$3,근태기록!$A$5:$A$2004,"<="&EOMONTH($B$3,0))) | G10: =IF($A10="","",COUNTIFS(근태기록!$C$5:$C$2004,$A10,근태기록!$A$5:$A$2004,">="&$B$3,근태기록!$A$5:$A$2004,"<="&EOMONTH($B$3,0),근태기록!$L$5:$L$2004,"지각")) | H10: =IF($A10="","",COUNTIFS(근태기록!$C$5:$C$2004,$A10,근태기록!$A$5:$A$2004,">="&$B$3,근태기록!$A$5:$A$2004,"<="&EOMONTH($B$3,0),근태기록!$L$5:$L$2004,"조퇴")) | I10: =IF($A10="","",COUNTIFS(근태기록!$C$5:$C$2004,$A10,근태기록!$A$5:$A$2004,">="&$B$3,근태기록!$A$5:$A$2004,"<="&EOMONTH($B$3,0),근태기록!$L$5:$L$2004,"결근")) | J10: =IF($A10="","",SUMIFS(휴가대장!$F$5:$F$504,휴가대장!$B$5:$B$504,$A10,휴가대장!$E$5:$E$504,"연차",휴가대장!$D$5:$D$504,">="&$B$3,휴가대장!$D$5:$D$504,"<="&EOMONTH($B$3,0))) | K10: =IF($A10="","",SUMIFS(휴가대장!$F$5:$F$504,휴가대장!$B$5:$B$504,$A10,휴가대장!$D$5:$D$504,">="&$B$3,휴가대장!$D$5:$D$504,"<="&EOMONTH($B$3,0))-SUMIFS(휴가대장!$F$5:$F$504,휴가대장!$B$5:$B$504,$A10,휴가대장!$E$5:$E$504,"연차",휴가대장!$D$5:$D$504,">="&$B$3,휴가대장!$D$5:$D$504,"<="&EOMONTH($B$3,0)))
A11: =IF(직원명부!A11="","",직원명부!A11) | B11: =IF(직원명부!B11="","",직원명부!B11) | C11: =IF(직원명부!F11="","",직원명부!F11) | D11: =IF($A11="","",COUNTIFS(근태기록!$C$5:$C$2004,$A11,근태기록!$A$5:$A$2004,">="&$B$3,근태기록!$A$5:$A$2004,"<="&EOMONTH($B$3,0),근태기록!$H$5:$H$2004,">0")) | E11: =IF($A11="","",SUMIFS(근태기록!$H$5:$H$2004,근태기록!$C$5:$C$2004,$A11,근태기록!$A$5:$A$2004,">="&$B$3,근태기록!$A$5:$A$2004,"<="&EOMONTH($B$3,0))) | F11: =IF($A11="","",SUMIFS(근태기록!$I$5:$I$2004,근태기록!$C$5:$C$2004,$A11,근태기록!$A$5:$A$2004,">="&$B$3,근태기록!$A$5:$A$2004,"<="&EOMONTH($B$3,0))) | G11: =IF($A11="","",COUNTIFS(근태기록!$C$5:$C$2004,$A11,근태기록!$A$5:$A$2004,">="&$B$3,근태기록!$A$5:$A$2004,"<="&EOMONTH($B$3,0),근태기록!$L$5:$L$2004,"지각")) | H11: =IF($A11="","",COUNTIFS(근태기록!$C$5:$C$2004,$A11,근태기록!$A$5:$A$2004,">="&$B$3,근태기록!$A$5:$A$2004,"<="&EOMONTH($B$3,0),근태기록!$L$5:$L$2004,"조퇴")) | I11: =IF($A11="","",COUNTIFS(근태기록!$C$5:$C$2004,$A11,근태기록!$A$5:$A$2004,">="&$B$3,근태기록!$A$5:$A$2004,"<="&EOMONTH($B$3,0),근태기록!$L$5:$L$2004,"결근")) | J11: =IF($A11="","",SUMIFS(휴가대장!$F$5:$F$504,휴가대장!$B$5:$B$504,$A11,휴가대장!$E$5:$E$504,"연차",휴가대장!$D$5:$D$504,">="&$B$3,휴가대장!$D$5:$D$504,"<="&EOMONTH($B$3,0))) | K11: =IF($A11="","",SUMIFS(휴가대장!$F$5:$F$504,휴가대장!$B$5:$B$504,$A11,휴가대장!$D$5:$D$504,">="&$B$3,휴가대장!$D$5:$D$504,"<="&EOMONTH($B$3,0))-SUMIFS(휴가대장!$F$5:$F$504,휴가대장!$B$5:$B$504,$A11,휴가대장!$E$5:$E$504,"연차",휴가대장!$D$5:$D$504,">="&$B$3,휴가대장!$D$5:$D$504,"<="&EOMONTH($B$3,0)))
A12: =IF(직원명부!A12="","",직원명부!A12) | B12: =IF(직원명부!B12="","",직원명부!B12) | C12: =IF(직원명부!F12="","",직원명부!F12) | D12: =IF($A12="","",COUNTIFS(근태기록!$C$5:$C$2004,$A12,근태기록!$A$5:$A$2004,">="&$B$3,근태기록!$A$5:$A$2004,"<="&EOMONTH($B$3,0),근태기록!$H$5:$H$2004,">0")) | E12: =IF($A12="","",SUMIFS(근태기록!$H$5:$H$2004,근태기록!$C$5:$C$2004,$A12,근태기록!$A$5:$A$2004,">="&$B$3,근태기록!$A$5:$A$2004,"<="&EOMONTH($B$3,0))) | F12: =IF($A12="","",SUMIFS(근태기록!$I$5:$I$2004,근태기록!$C$5:$C$2004,$A12,근태기록!$A$5:$A$2004,">="&$B$3,근태기록!$A$5:$A$2004,"<="&EOMONTH($B$3,0))) | G12: =IF($A12="","",COUNTIFS(근태기록!$C$5:$C$2004,$A12,근태기록!$A$5:$A$2004,">="&$B$3,근태기록!$A$5:$A$2004,"<="&EOMONTH($B$3,0),근태기록!$L$5:$L$2004,"지각")) | H12: =IF($A12="","",COUNTIFS(근태기록!$C$5:$C$2004,$A12,근태기록!$A$5:$A$2004,">="&$B$3,근태기록!$A$5:$A$2004,"<="&EOMONTH($B$3,0),근태기록!$L$5:$L$2004,"조퇴")) | I12: =IF($A12="","",COUNTIFS(근태기록!$C$5:$C$2004,$A12,근태기록!$A$5:$A$2004,">="&$B$3,근태기록!$A$5:$A$2004,"<="&EOMONTH($B$3,0),근태기록!$L$5:$L$2004,"결근")) | J12: =IF($A12="","",SUMIFS(휴가대장!$F$5:$F$504,휴가대장!$B$5:$B$504,$A12,휴가대장!$E$5:$E$504,"연차",휴가대장!$D$5:$D$504,">="&$B$3,휴가대장!$D$5:$D$504,"<="&EOMONTH($B$3,0))) | K12: =IF($A12="","",SUMIFS(휴가대장!$F$5:$F$504,휴가대장!$B$5:$B$504,$A12,휴가대장!$D$5:$D$504,">="&$B$3,휴가대장!$D$5:$D$504,"<="&EOMONTH($B$3,0))-SUMIFS(휴가대장!$F$5:$F$504,휴가대장!$B$5:$B$504,$A12,휴가대장!$E$5:$E$504,"연차",휴가대장!$D$5:$D$504,">="&$B$3,휴가대장!$D$5:$D$504,"<="&EOMONTH($B$3,0)))
A13: =IF(직원명부!A13="","",직원명부!A13) | B13: =IF(직원명부!B13="","",직원명부!B13) | C13: =IF(직원명부!F13="","",직원명부!F13) | D13: =IF($A13="","",COUNTIFS(근태기록!$C$5:$C$2004,$A13,근태기록!$A$5:$A$2004,">="&$B$3,근태기록!$A$5:$A$2004,"<="&EOMONTH($B$3,0),근태기록!$H$5:$H$2004,">0")) | E13: =IF($A13="","",SUMIFS(근태기록!$H$5:$H$2004,근태기록!$C$5:$C$2004,$A13,근태기록!$A$5:$A$2004,">="&$B$3,근태기록!$A$5:$A$2004,"<="&EOMONTH($B$3,0))) | F13: =IF($A13="","",SUMIFS(근태기록!$I$5:$I$2004,근태기록!$C$5:$C$2004,$A13,근태기록!$A$5:$A$2004,">="&$B$3,근태기록!$A$5:$A$2004,"<="&EOMONTH($B$3,0))) | G13: =IF($A13="","",COUNTIFS(근태기록!$C$5:$C$2004,$A13,근태기록!$A$5:$A$2004,">="&$B$3,근태기록!$A$5:$A$2004,"<="&EOMONTH($B$3,0),근태기록!$L$5:$L$2004,"지각")) | H13: =IF($A13="","",COUNTIFS(근태기록!$C$5:$C$2004,$A13,근태기록!$A$5:$A$2004,">="&$B$3,근태기록!$A$5:$A$2004,"<="&EOMONTH($B$3,0),근태기록!$L$5:$L$2004,"조퇴")) | I13: =IF($A13="","",COUNTIFS(근태기록!$C$5:$C$2004,$A13,근태기록!$A$5:$A$2004,">="&$B$3,근태기록!$A$5:$A$2004,"<="&EOMONTH($B$3,0),근태기록!$L$5:$L$2004,"결근")) | J13: =IF($A13="","",SUMIFS(휴가대장!$F$5:$F$504,휴가대장!$B$5:$B$504,$A13,휴가대장!$E$5:$E$504,"연차",휴가대장!$D$5:$D$504,">="&$B$3,휴가대장!$D$5:$D$504,"<="&EOMONTH($B$3,0))) | K13: =IF($A13="","",SUMIFS(휴가대장!$F$5:$F$504,휴가대장!$B$5:$B$504,$A13,휴가대장!$D$5:$D$504,">="&$B$3,휴가대장!$D$5:$D$504,"<="&EOMONTH($B$3,0))-SUMIFS(휴가대장!$F$5:$F$504,휴가대장!$B$5:$B$504,$A13,휴가대장!$E$5:$E$504,"연차",휴가대장!$D$5:$D$504,">="&$B$3,휴가대장!$D$5:$D$504,"<="&EOMONTH($B$3,0)))
A14: =IF(직원명부!A14="","",직원명부!A14) | B14: =IF(직원명부!B14="","",직원명부!B14) | C14: =IF(직원명부!F14="","",직원명부!F14) | D14: =IF($A14="","",COUNTIFS(근태기록!$C$5:$C$2004,$A14,근태기록!$A$5:$A$2004,">="&$B$3,근태기록!$A$5:$A$2004,"<="&EOMONTH($B$3,0),근태기록!$H$5:$H$2004,">0")) | E14: =IF($A14="","",SUMIFS(근태기록!$H$5:$H$2004,근태기록!$C$5:$C$2004,$A14,근태기록!$A$5:$A$2004,">="&$B$3,근태기록!$A$5:$A$2004,"<="&EOMONTH($B$3,0))) | F14: =IF($A14="","",SUMIFS(근태기록!$I$5:$I$2004,근태기록!$C$5:$C$2004,$A14,근태기록!$A$5:$A$2004,">="&$B$3,근태기록!$A$5:$A$2004,"<="&EOMONTH($B$3,0))) | G14: =IF($A14="","",COUNTIFS(근태기록!$C$5:$C$2004,$A14,근태기록!$A$5:$A$2004,">="&$B$3,근태기록!$A$5:$A$2004,"<="&EOMONTH($B$3,0),근태기록!$L$5:$L$2004,"지각")) | H14: =IF($A14="","",COUNTIFS(근태기록!$C$5:$C$2004,$A14,근태기록!$A$5:$A$2004,">="&$B$3,근태기록!$A$5:$A$2004,"<="&EOMONTH($B$3,0),근태기록!$L$5:$L$2004,"조퇴")) | I14: =IF($A14="","",COUNTIFS(근태기록!$C$5:$C$2004,$A14,근태기록!$A$5:$A$2004,">="&$B$3,근태기록!$A$5:$A$2004,"<="&EOMONTH($B$3,0),근태기록!$L$5:$L$2004,"결근")) | J14: =IF($A14="","",SUMIFS(휴가대장!$F$5:$F$504,휴가대장!$B$5:$B$504,$A14,휴가대장!$E$5:$E$504,"연차",휴가대장!$D$5:$D$504,">="&$B$3,휴가대장!$D$5:$D$504,"<="&EOMONTH($B$3,0))) | K14: =IF($A14="","",SUMIFS(휴가대장!$F$5:$F$504,휴가대장!$B$5:$B$504,$A14,휴가대장!$D$5:$D$504,">="&$B$3,휴가대장!$D$5:$D$504,"<="&EOMONTH($B$3,0))-SUMIFS(휴가대장!$F$5:$F$504,휴가대장!$B$5:$B$504,$A14,휴가대장!$E$5:$E$504,"연차",휴가대장!$D$5:$D$504,">="&$B$3,휴가대장!$D$5:$D$504,"<="&EOMONTH($B$3,0)))
A15: =IF(직원명부!A15="","",직원명부!A15) | B15: =IF(직원명부!B15="","",직원명부!B15) | C15: =IF(직원명부!F15="","",직원명부!F15) | D15: =IF($A15="","",COUNTIFS(근태기록!$C$5:$C$2004,$A15,근태기록!$A$5:$A$2004,">="&$B$3,근태기록!$A$5:$A$2004,"<="&EOMONTH($B$3,0),근태기록!$H$5:$H$2004,">0")) | E15: =IF($A15="","",SUMIFS(근태기록!$H$5:$H$2004,근태기록!$C$5:$C$2004,$A15,근태기록!$A$5:$A$2004,">="&$B$3,근태기록!$A$5:$A$2004,"<="&EOMONTH($B$3,0))) | F15: =IF($A15="","",SUMIFS(근태기록!$I$5:$I$2004,근태기록!$C$5:$C$2004,$A15,근태기록!$A$5:$A$2004,">="&$B$3,근태기록!$A$5:$A$2004,"<="&EOMONTH($B$3,0))) | G15: =IF($A15="","",COUNTIFS(근태기록!$C$5:$C$2004,$A15,근태기록!$A$5:$A$2004,">="&$B$3,근태기록!$A$5:$A$2004,"<="&EOMONTH($B$3,0),근태기록!$L$5:$L$2004,"지각")) | H15: =IF($A15="","",COUNTIFS(근태기록!$C$5:$C$2004,$A15,근태기록!$A$5:$A$2004,">="&$B$3,근태기록!$A$5:$A$2004,"<="&EOMONTH($B$3,0),근태기록!$L$5:$L$2004,"조퇴")) | I15: =IF($A15="","",COUNTIFS(근태기록!$C$5:$C$2004,$A15,근태기록!$A$5:$A$2004,">="&$B$3,근태기록!$A$5:$A$2004,"<="&EOMONTH($B$3,0),근태기록!$L$5:$L$2004,"결근")) | J15: =IF($A15="","",SUMIFS(휴가대장!$F$5:$F$504,휴가대장!$B$5:$B$504,$A15,휴가대장!$E$5:$E$504,"연차",휴가대장!$D$5:$D$504,">="&$B$3,휴가대장!$D$5:$D$504,"<="&EOMONTH($B$3,0))) | K15: =IF($A15="","",SUMIFS(휴가대장!$F$5:$F$504,휴가대장!$B$5:$B$504,$A15,휴가대장!$D$5:$D$504,">="&$B$3,휴가대장!$D$5:$D$504,"<="&EOMONTH($B$3,0))-SUMIFS(휴가대장!$F$5:$F$504,휴가대장!$B$5:$B$504,$A15,휴가대장!$E$5:$E$504,"연차",휴가대장!$D$5:$D$504,">="&$B$3,휴가대장!$D$5:$D$504,"<="&EOMONTH($B$3,0)))
A16: =IF(직원명부!A16="","",직원명부!A16) | B16: =IF(직원명부!B16="","",직원명부!B16) | C16: =IF(직원명부!F16="","",직원명부!F16) | D16: =IF($A16="","",COUNTIFS(근태기록!$C$5:$C$2004,$A16,근태기록!$A$5:$A$2004,">="&$B$3,근태기록!$A$5:$A$2004,"<="&EOMONTH($B$3,0),근태기록!$H$5:$H$2004,">0")) | E16: =IF($A16="","",SUMIFS(근태기록!$H$5:$H$2004,근태기록!$C$5:$C$2004,$A16,근태기록!$A$5:$A$2004,">="&$B$3,근태기록!$A$5:$A$2004,"<="&EOMONTH($B$3,0))) | F16: =IF($A16="","",SUMIFS(근태기록!$I$5:$I$2004,근태기록!$C$5:$C$2004,$A16,근태기록!$A$5:$A$2004,">="&$B$3,근태기록!$A$5:$A$2004,"<="&EOMONTH($B$3,0))) | G16: =IF($A16="","",COUNTIFS(근태기록!$C$5:$C$2004,$A16,근태기록!$A$5:$A$2004,">="&$B$3,근태기록!$A$5:$A$2004,"<="&EOMONTH($B$3,0),근태기록!$L$5:$L$2004,"지각")) | H16: =IF($A16="","",COUNTIFS(근태기록!$C$5:$C$2004,$A16,근태기록!$A$5:$A$2004,">="&$B$3,근태기록!$A$5:$A$2004,"<="&EOMONTH($B$3,0),근태기록!$L$5:$L$2004,"조퇴")) | I16: =IF($A16="","",COUNTIFS(근태기록!$C$5:$C$2004,$A16,근태기록!$A$5:$A$2004,">="&$B$3,근태기록!$A$5:$A$2004,"<="&EOMONTH($B$3,0),근태기록!$L$5:$L$2004,"결근")) | J16: =IF($A16="","",SUMIFS(휴가대장!$F$5:$F$504,휴가대장!$B$5:$B$504,$A16,휴가대장!$E$5:$E$504,"연차",휴가대장!$D$5:$D$504,">="&$B$3,휴가대장!$D$5:$D$504,"<="&EOMONTH($B$3,0))) | K16: =IF($A16="","",SUMIFS(휴가대장!$F$5:$F$504,휴가대장!$B$5:$B$504,$A16,휴가대장!$D$5:$D$504,">="&$B$3,휴가대장!$D$5:$D$504,"<="&EOMONTH($B$3,0))-SUMIFS(휴가대장!$F$5:$F$504,휴가대장!$B$5:$B$504,$A16,휴가대장!$E$5:$E$504,"연차",휴가대장!$D$5:$D$504,">="&$B$3,휴가대장!$D$5:$D$504,"<="&EOMONTH($B$3,0)))
... A24: =IF(직원명부!A24="","",직원명부!A24) | B24: =IF(직원명부!B24="","",직원명부!B24) | C24: =IF(직원명부!F24="","",직원명부!F24) | D24: =IF($A24="","",COUNTIFS(근태기록!$C$5:$C$2004,$A24,근태기록!$A$5:$A$2004,">="&$B$3,근태기록!$A$5:$A$2004,"<="&EOMONTH($B$3,0),근태기록!$H$5:$H$2004,">0")) | E24: =IF($A24="","",SUMIFS(근태기록!$H$5:$H$2004,근태기록!$C$5:$C$2004,$A24,근태기록!$A$5:$A$2004,">="&$B$3,근태기록!$A$5:$A$2004,"<="&EOMONTH($B$3,0))) | F24: =IF($A24="","",SUMIFS(근태기록!$I$5:$I$2004,근태기록!$C$5:$C$2004,$A24,근태기록!$A$5:$A$2004,">="&$B$3,근태기록!$A$5:$A$2004,"<="&EOMONTH($B$3,0))) | G24: =IF($A24="","",COUNTIFS(근태기록!$C$5:$C$2004,$A24,근태기록!$A$5:$A$2004,">="&$B$3,근태기록!$A$5:$A$2004,"<="&EOMONTH($B$3,0),근태기록!$L$5:$L$2004,"지각")) | H24: =IF($A24="","",COUNTIFS(근태기록!$C$5:$C$2004,$A24,근태기록!$A$5:$A$2004,">="&$B$3,근태기록!$A$5:$A$2004,"<="&EOMONTH($B$3,0),근태기록!$L$5:$L$2004,"조퇴")) | I24: =IF($A24="","",COUNTIFS(근태기록!$C$5:$C$2004,$A24,근태기록!$A$5:$A$2004,">="&$B$3,근태기록!$A$5:$A$2004,"<="&EOMONTH($B$3,0),근태기록!$L$5:$L$2004,"결근")) | J24: =IF($A24="","",SUMIFS(휴가대장!$F$5:$F$504,휴가대장!$B$5:$B$504,$A24,휴가대장!$E$5:$E$504,"연차",휴가대장!$D$5:$D$504,">="&$B$3,휴가대장!$D$5:$D$504,"<="&EOMONTH($B$3,0))) | K24: =IF($A24="","",SUMIFS(휴가대장!$F$5:$F$504,휴가대장!$B$5:$B$504,$A24,휴가대장!$D$5:$D$504,">="&$B$3,휴가대장!$D$5:$D$504,"<="&EOMONTH($B$3,0))-SUMIFS(휴가대장!$F$5:$F$504,휴가대장!$B$5:$B$504,$A24,휴가대장!$E$5:$E$504,"연차",휴가대장!$D$5:$D$504,">="&$B$3,휴가대장!$D$5:$D$504,"<="&EOMONTH($B$3,0)))
A26: · 「근무일수」는 근태기록에 출근·퇴근이 모두 적혀 근무시간이 0보다 큰 날의 수입니다.
A27: · 「기타휴가」는 연차를 뺀 나머지(경조·병가·공가·출산·육아 등) 전부의 합계입니다.

Sheet 프로젝트집계
A1: 프로젝트집계
A2: 근태기록의 「프로젝트」 칸을 모아 투입시간을 집계합니다. 다음 견적의 근거가 됩니다.
A3: 조회 기간 | B3: 46023 | C3: 46387 | D3: ← 시작일과 종료일. 이 기간에 기록된 근무시간만 집계합니다.
A4: 프로젝트 | B4: 총 근무시간 | C4: 연장시간 | D4: 근무일수 | E4: 인건비 환산 | F4: 비고
B5: =IF($A5="","",SUMIFS(근태기록!$H$5:$H$2004,근태기록!$M$5:$M$2004,$A5,근태기록!$A$5:$A$2004,">="&$B$3,근태기록!$A$5:$A$2004,"<="&$C$3)) | C5: =IF($A5="","",SUMIFS(근태기록!$I$5:$I$2004,근태기록!$M$5:$M$2004,$A5,근태기록!$A$5:$A$2004,">="&$B$3,근태기록!$A$5:$A$2004,"<="&$C$3)) | D5: =IF($A5="","",COUNTIFS(근태기록!$M$5:$M$2004,$A5,근태기록!$A$5:$A$2004,">="&$B$3,근태기록!$A$5:$A$2004,"<="&$C$3,근태기록!$H$5:$H$2004,">0")) | E5: =IF(OR($A5="",$B$36=""),"",ROUND(B5*$B$36,0))
B6: =IF($A6="","",SUMIFS(근태기록!$H$5:$H$2004,근태기록!$M$5:$M$2004,$A6,근태기록!$A$5:$A$2004,">="&$B$3,근태기록!$A$5:$A$2004,"<="&$C$3)) | C6: =IF($A6="","",SUMIFS(근태기록!$I$5:$I$2004,근태기록!$M$5:$M$2004,$A6,근태기록!$A$5:$A$2004,">="&$B$3,근태기록!$A$5:$A$2004,"<="&$C$3)) | D6: =IF($A6="","",COUNTIFS(근태기록!$M$5:$M$2004,$A6,근태기록!$A$5:$A$2004,">="&$B$3,근태기록!$A$5:$A$2004,"<="&$C$3,근태기록!$H$5:$H$2004,">0")) | E6: =IF(OR($A6="",$B$36=""),"",ROUND(B6*$B$36,0))
B7: =IF($A7="","",SUMIFS(근태기록!$H$5:$H$2004,근태기록!$M$5:$M$2004,$A7,근태기록!$A$5:$A$2004,">="&$B$3,근태기록!$A$5:$A$2004,"<="&$C$3)) | C7: =IF($A7="","",SUMIFS(근태기록!$I$5:$I$2004,근태기록!$M$5:$M$2004,$A7,근태기록!$A$5:$A$2004,">="&$B$3,근태기록!$A$5:$A$2004,"<="&$C$3)) | D7: =IF($A7="","",COUNTIFS(근태기록!$M$5:$M$2004,$A7,근태기록!$A$5:$A$2004,">="&$B$3,근태기록!$A$5:$A$2004,"<="&$C$3,근태기록!$H$5:$H$2004,">0")) | E7: =IF(OR($A7="",$B$36=""),"",ROUND(B7*$B$36,0))
B8: =IF($A8="","",SUMIFS(근태기록!$H$5:$H$2004,근태기록!$M$5:$M$2004,$A8,근태기록!$A$5:$A$2004,">="&$B$3,근태기록!$A$5:$A$2004,"<="&$C$3)) | C8: =IF($A8="","",SUMIFS(근태기록!$I$5:$I$2004,근태기록!$M$5:$M$2004,$A8,근태기록!$A$5:$A$2004,">="&$B$3,근태기록!$A$5:$A$2004,"<="&$C$3)) | D8: =IF($A8="","",COUNTIFS(근태기록!$M$5:$M$2004,$A8,근태기록!$A$5:$A$2004,">="&$B$3,근태기록!$A$5:$A$2004,"<="&$C$3,근태기록!$H$5:$H$2004,">0")) | E8: =IF(OR($A8="",$B$36=""),"",ROUND(B8*$B$36,0))
B9: =IF($A9="","",SUMIFS(근태기록!$H$5:$H$2004,근태기록!$M$5:$M$2004,$A9,근태기록!$A$5:$A$2004,">="&$B$3,근태기록!$A$5:$A$2004,"<="&$C$3)) | C9: =IF($A9="","",SUMIFS(근태기록!$I$5:$I$2004,근태기록!$M$5:$M$2004,$A9,근태기록!$A$5:$A$2004,">="&$B$3,근태기록!$A$5:$A$2004,"<="&$C$3)) | D9: =IF($A9="","",COUNTIFS(근태기록!$M$5:$M$2004,$A9,근태기록!$A$5:$A$2004,">="&$B$3,근태기록!$A$5:$A$2004,"<="&$C$3,근태기록!$H$5:$H$2004,">0")) | E9: =IF(OR($A9="",$B$36=""),"",ROUND(B9*$B$36,0))
B10: =IF($A10="","",SUMIFS(근태기록!$H$5:$H$2004,근태기록!$M$5:$M$2004,$A10,근태기록!$A$5:$A$2004,">="&$B$3,근태기록!$A$5:$A$2004,"<="&$C$3)) | C10: =IF($A10="","",SUMIFS(근태기록!$I$5:$I$2004,근태기록!$M$5:$M$2004,$A10,근태기록!$A$5:$A$2004,">="&$B$3,근태기록!$A$5:$A$2004,"<="&$C$3)) | D10: =IF($A10="","",COUNTIFS(근태기록!$M$5:$M$2004,$A10,근태기록!$A$5:$A$2004,">="&$B$3,근태기록!$A$5:$A$2004,"<="&$C$3,근태기록!$H$5:$H$2004,">0")) | E10: =IF(OR($A10="",$B$36=""),"",ROUND(B10*$B$36,0))
B11: =IF($A11="","",SUMIFS(근태기록!$H$5:$H$2004,근태기록!$M$5:$M$2004,$A11,근태기록!$A$5:$A$2004,">="&$B$3,근태기록!$A$5:$A$2004,"<="&$C$3)) | C11: =IF($A11="","",SUMIFS(근태기록!$I$5:$I$2004,근태기록!$M$5:$M$2004,$A11,근태기록!$A$5:$A$2004,">="&$B$3,근태기록!$A$5:$A$2004,"<="&$C$3)) | D11: =IF($A11="","",COUNTIFS(근태기록!$M$5:$M$2004,$A11,근태기록!$A$5:$A$2004,">="&$B$3,근태기록!$A$5:$A$2004,"<="&$C$3,근태기록!$H$5:$H$2004,">0")) | E11: =IF(OR($A11="",$B$36=""),"",ROUND(B11*$B$36,0))
B12: =IF($A12="","",SUMIFS(근태기록!$H$5:$H$2004,근태기록!$M$5:$M$2004,$A12,근태기록!$A$5:$A$2004,">="&$B$3,근태기록!$A$5:$A$2004,"<="&$C$3)) | C12: =IF($A12="","",SUMIFS(근태기록!$I$5:$I$2004,근태기록!$M$5:$M$2004,$A12,근태기록!$A$5:$A$2004,">="&$B$3,근태기록!$A$5:$A$2004,"<="&$C$3)) | D12: =IF($A12="","",COUNTIFS(근태기록!$M$5:$M$2004,$A12,근태기록!$A$5:$A$2004,">="&$B$3,근태기록!$A$5:$A$2004,"<="&$C$3,근태기록!$H$5:$H$2004,">0")) | E12: =IF(OR($A12="",$B$36=""),"",ROUND(B12*$B$36,0))
B13: =IF($A13="","",SUMIFS(근태기록!$H$5:$H$2004,근태기록!$M$5:$M$2004,$A13,근태기록!$A$5:$A$2004,">="&$B$3,근태기록!$A$5:$A$2004,"<="&$C$3)) | C13: =IF($A13="","",SUMIFS(근태기록!$I$5:$I$2004,근태기록!$M$5:$M$2004,$A13,근태기록!$A$5:$A$2004,">="&$B$3,근태기록!$A$5:$A$2004,"<="&$C$3)) | D13: =IF($A13="","",COUNTIFS(근태기록!$M$5:$M$2004,$A13,근태기록!$A$5:$A$2004,">="&$B$3,근태기록!$A$5:$A$2004,"<="&$C$3,근태기록!$H$5:$H$2004,">0")) | E13: =IF(OR($A13="",$B$36=""),"",ROUND(B13*$B$36,0))
B14: =IF($A14="","",SUMIFS(근태기록!$H$5:$H$2004,근태기록!$M$5:$M$2004,$A14,근태기록!$A$5:$A$2004,">="&$B$3,근태기록!$A$5:$A$2004,"<="&$C$3)) | C14: =IF($A14="","",SUMIFS(근태기록!$I$5:$I$2004,근태기록!$M$5:$M$2004,$A14,근태기록!$A$5:$A$2004,">="&$B$3,근태기록!$A$5:$A$2004,"<="&$C$3)) | D14: =IF($A14="","",COUNTIFS(근태기록!$M$5:$M$2004,$A14,근태기록!$A$5:$A$2004,">="&$B$3,근태기록!$A$5:$A$2004,"<="&$C$3,근태기록!$H$5:$H$2004,">0")) | E14: =IF(OR($A14="",$B$36=""),"",ROUND(B14*$B$36,0))
B15: =IF($A15="","",SUMIFS(근태기록!$H$5:$H$2004,근태기록!$M$5:$M$2004,$A15,근태기록!$A$5:$A$2004,">="&$B$3,근태기록!$A$5:$A$2004,"<="&$C$3)) | C15: =IF($A15="","",SUMIFS(근태기록!$I$5:$I$2004,근태기록!$M$5:$M$2004,$A15,근태기록!$A$5:$A$2004,">="&$B$3,근태기록!$A$5:$A$2004,"<="&$C$3)) | D15: =IF($A15="","",COUNTIFS(근태기록!$M$5:$M$2004,$A15,근태기록!$A$5:$A$2004,">="&$B$3,근태기록!$A$5:$A$2004,"<="&$C$3,근태기록!$H$5:$H$2004,">0")) | E15: =IF(OR($A15="",$B$36=""),"",ROUND(B15*$B$36,0))
B16: =IF($A16="","",SUMIFS(근태기록!$H$5:$H$2004,근태기록!$M$5:$M$2004,$A16,근태기록!$A$5:$A$2004,">="&$B$3,근태기록!$A$5:$A$2004,"<="&$C$3)) | C16: =IF($A16="","",SUMIFS(근태기록!$I$5:$I$2004,근태기록!$M$5:$M$2004,$A16,근태기록!$A$5:$A$2004,">="&$B$3,근태기록!$A$5:$A$2004,"<="&$C$3)) | D16: =IF($A16="","",COUNTIFS(근태기록!$M$5:$M$2004,$A16,근태기록!$A$5:$A$2004,">="&$B$3,근태기록!$A$5:$A$2004,"<="&$C$3,근태기록!$H$5:$H$2004,">0")) | E16: =IF(OR($A16="",$B$36=""),"",ROUND(B16*$B$36,0))
... B34: =IF($A34="","",SUMIFS(근태기록!$H$5:$H$2004,근태기록!$M$5:$M$2004,$A34,근태기록!$A$5:$A$2004,">="&$B$3,근태기록!$A$5:$A$2004,"<="&$C$3)) | C34: =IF($A34="","",SUMIFS(근태기록!$I$5:$I$2004,근태기록!$M$5:$M$2004,$A34,근태기록!$A$5:$A$2004,">="&$B$3,근태기록!$A$5:$A$2004,"<="&$C$3)) | D34: =IF($A34="","",COUNTIFS(근태기록!$M$5:$M$2004,$A34,근태기록!$A$5:$A$2004,">="&$B$3,근태기록!$A$5:$A$2004,"<="&$C$3,근태기록!$H$5:$H$2004,">0")) | E34: =IF(OR($A34="",$B$36=""),"",ROUND(B34*$B$36,0))
A36: 시간당 단가 (원) | B36: =IFERROR(ROUND(직원명부!I5/209,0),"") | C36: ← 직원명부 첫 사원의 월 지급액 ÷ 209시간. 인원이 여럿이면 평균 단가를 직접 넣으세요.
A38: · 프로젝트명은 근태기록의 「프로젝트」 칸에 적은 것과 글자가 정확히 같아야 집계됩니다.
A39: · 「인건비 환산」은 원가 감각을 잡기 위한 값입니다. 4대보험 회사부담분과 간접비가 빠져 있어 실제 원가는 이보다 높습니다. 견적에 그대로 쓰지 마세요.
A40: · 프로젝트가 끝나면 총 근무시간을 견적서와 대조해 두세요. 다음 견적의 근거가 됩니다.

Sheet 보상휴가
A1: 보상휴가
A2: 연장·야간·휴일근로 수당을 갈음하는 휴가입니다. 1대1이 아니라 가산율을 반영해 환산합니다.
A3: 조회 기간 | B3: 46296 | C3: 46387 | D3: ← 이 기간에 발생하고 사용한 보상휴가만 집계합니다.
A4: 사번 | B4: 성명 | C4: 발생 시간 | D4: 사용 시간 | E4: 잔여 시간 | F4: 잔여 일수 | G4: 비고
A5: =IF(직원명부!A5="","",직원명부!A5) | B5: =IF(직원명부!B5="","",직원명부!B5) | C5: =IF($A5="","",SUMIFS(근태기록!$K$5:$K$2004,근태기록!$C$5:$C$2004,$A5,근태기록!$A$5:$A$2004,">="&$B$3,근태기록!$A$5:$A$2004,"<="&$C$3)) | D5: =IF($A5="","",SUMIFS($D$19:$D$118,$B$19:$B$118,$A5,$A$19:$A$118,">="&$B$3,$A$19:$A$118,"<="&$C$3)) | E5: =IF($A5="","",C5-D5) | F5: =IF($A5="","",ROUND(E5/8,2))
A6: =IF(직원명부!A6="","",직원명부!A6) | B6: =IF(직원명부!B6="","",직원명부!B6) | C6: =IF($A6="","",SUMIFS(근태기록!$K$5:$K$2004,근태기록!$C$5:$C$2004,$A6,근태기록!$A$5:$A$2004,">="&$B$3,근태기록!$A$5:$A$2004,"<="&$C$3)) | D6: =IF($A6="","",SUMIFS($D$19:$D$118,$B$19:$B$118,$A6,$A$19:$A$118,">="&$B$3,$A$19:$A$118,"<="&$C$3)) | E6: =IF($A6="","",C6-D6) | F6: =IF($A6="","",ROUND(E6/8,2))
A7: =IF(직원명부!A7="","",직원명부!A7) | B7: =IF(직원명부!B7="","",직원명부!B7) | C7: =IF($A7="","",SUMIFS(근태기록!$K$5:$K$2004,근태기록!$C$5:$C$2004,$A7,근태기록!$A$5:$A$2004,">="&$B$3,근태기록!$A$5:$A$2004,"<="&$C$3)) | D7: =IF($A7="","",SUMIFS($D$19:$D$118,$B$19:$B$118,$A7,$A$19:$A$118,">="&$B$3,$A$19:$A$118,"<="&$C$3)) | E7: =IF($A7="","",C7-D7) | F7: =IF($A7="","",ROUND(E7/8,2))
A8: =IF(직원명부!A8="","",직원명부!A8) | B8: =IF(직원명부!B8="","",직원명부!B8) | C8: =IF($A8="","",SUMIFS(근태기록!$K$5:$K$2004,근태기록!$C$5:$C$2004,$A8,근태기록!$A$5:$A$2004,">="&$B$3,근태기록!$A$5:$A$2004,"<="&$C$3)) | D8: =IF($A8="","",SUMIFS($D$19:$D$118,$B$19:$B$118,$A8,$A$19:$A$118,">="&$B$3,$A$19:$A$118,"<="&$C$3)) | E8: =IF($A8="","",C8-D8) | F8: =IF($A8="","",ROUND(E8/8,2))
A9: =IF(직원명부!A9="","",직원명부!A9) | B9: =IF(직원명부!B9="","",직원명부!B9) | C9: =IF($A9="","",SUMIFS(근태기록!$K$5:$K$2004,근태기록!$C$5:$C$2004,$A9,근태기록!$A$5:$A$2004,">="&$B$3,근태기록!$A$5:$A$2004,"<="&$C$3)) | D9: =IF($A9="","",SUMIFS($D$19:$D$118,$B$19:$B$118,$A9,$A$19:$A$118,">="&$B$3,$A$19:$A$118,"<="&$C$3)) | E9: =IF($A9="","",C9-D9) | F9: =IF($A9="","",ROUND(E9/8,2))
A10: =IF(직원명부!A10="","",직원명부!A10) | B10: =IF(직원명부!B10="","",직원명부!B10) | C10: =IF($A10="","",SUMIFS(근태기록!$K$5:$K$2004,근태기록!$C$5:$C$2004,$A10,근태기록!$A$5:$A$2004,">="&$B$3,근태기록!$A$5:$A$2004,"<="&$C$3)) | D10: =IF($A10="","",SUMIFS($D$19:$D$118,$B$19:$B$118,$A10,$A$19:$A$118,">="&$B$3,$A$19:$A$118,"<="&$C$3)) | E10: =IF($A10="","",C10-D10) | F10: =IF($A10="","",ROUND(E10/8,2))
A11: =IF(직원명부!A11="","",직원명부!A11) | B11: =IF(직원명부!B11="","",직원명부!B11) | C11: =IF($A11="","",SUMIFS(근태기록!$K$5:$K$2004,근태기록!$C$5:$C$2004,$A11,근태기록!$A$5:$A$2004,">="&$B$3,근태기록!$A$5:$A$2004,"<="&$C$3)) | D11: =IF($A11="","",SUMIFS($D$19:$D$118,$B$19:$B$118,$A11,$A$19:$A$118,">="&$B$3,$A$19:$A$118,"<="&$C$3)) | E11: =IF($A11="","",C11-D11) | F11: =IF($A11="","",ROUND(E11/8,2))
A12: =IF(직원명부!A12="","",직원명부!A12) | B12: =IF(직원명부!B12="","",직원명부!B12) | C12: =IF($A12="","",SUMIFS(근태기록!$K$5:$K$2004,근태기록!$C$5:$C$2004,$A12,근태기록!$A$5:$A$2004,">="&$B$3,근태기록!$A$5:$A$2004,"<="&$C$3)) | D12: =IF($A12="","",SUMIFS($D$19:$D$118,$B$19:$B$118,$A12,$A$19:$A$118,">="&$B$3,$A$19:$A$118,"<="&$C$3)) | E12: =IF($A12="","",C12-D12) | F12: =IF($A12="","",ROUND(E12/8,2))
A13: =IF(직원명부!A13="","",직원명부!A13) | B13: =IF(직원명부!B13="","",직원명부!B13) | C13: =IF($A13="","",SUMIFS(근태기록!$K$5:$K$2004,근태기록!$C$5:$C$2004,$A13,근태기록!$A$5:$A$2004,">="&$B$3,근태기록!$A$5:$A$2004,"<="&$C$3)) | D13: =IF($A13="","",SUMIFS($D$19:$D$118,$B$19:$B$118,$A13,$A$19:$A$118,">="&$B$3,$A$19:$A$118,"<="&$C$3)) | E13: =IF($A13="","",C13-D13) | F13: =IF($A13="","",ROUND(E13/8,2))
A14: =IF(직원명부!A14="","",직원명부!A14) | B14: =IF(직원명부!B14="","",직원명부!B14) | C14: =IF($A14="","",SUMIFS(근태기록!$K$5:$K$2004,근태기록!$C$5:$C$2004,$A14,근태기록!$A$5:$A$2004,">="&$B$3,근태기록!$A$5:$A$2004,"<="&$C$3)) | D14: =IF($A14="","",SUMIFS($D$19:$D$118,$B$19:$B$118,$A14,$A$19:$A$118,">="&$B$3,$A$19:$A$118,"<="&$C$3)) | E14: =IF($A14="","",C14-D14) | F14: =IF($A14="","",ROUND(E14/8,2))
A17: 사용 기록 | C17: 보상휴가를 쓸 때마다 한 줄씩 적습니다. 1시간 단위로 사용할 수 있습니다.
A18: 사용일자 | B18: 사번 | C18: 성명 | D18: 사용 시간 | E18: 승인자 | F18: 비고
C19: =IFERROR(IF(B19="","",INDEX(직원명부!$B$5:$B$24,MATCH(B19,직원명부!$A$5:$A$24,0))),"사번 확인")
C20: =IFERROR(IF(B20="","",INDEX(직원명부!$B$5:$B$24,MATCH(B20,직원명부!$A$5:$A$24,0))),"사번 확인")
C21: =IFERROR(IF(B21="","",INDEX(직원명부!$B$5:$B$24,MATCH(B21,직원명부!$A$5:$A$24,0))),"사번 확인")
C22: =IFERROR(IF(B22="","",INDEX(직원명부!$B$5:$B$24,MATCH(B22,직원명부!$A$5:$A$24,0))),"사번 확인")
C23: =IFERROR(IF(B23="","",INDEX(직원명부!$B$5:$B$24,MATCH(B23,직원명부!$A$5:$A$24,0))),"사번 확인")
C24: =IFERROR(IF(B24="","",INDEX(직원명부!$B$5:$B$24,MATCH(B24,직원명부!$A$5:$A$24,0))),"사번 확인")
C25: =IFERROR(IF(B25="","",INDEX(직원명부!$B$5:$B$24,MATCH(B25,직원명부!$A$5:$A$24,0))),"사번 확인")
C26: =IFERROR(IF(B26="","",INDEX(직원명부!$B$5:$B$24,MATCH(B26,직원명부!$A$5:$A$24,0))),"사번 확인")
C27: =IFERROR(IF(B27="","",INDEX(직원명부!$B$5:$B$24,MATCH(B27,직원명부!$A$5:$A$24,0))),"사번 확인")
C28: =IFERROR(IF(B28="","",INDEX(직원명부!$B$5:$B$24,MATCH(B28,직원명부!$A$5:$A$24,0))),"사번 확인")
C29: =IFERROR(IF(B29="","",INDEX(직원명부!$B$5:$B$24,MATCH(B29,직원명부!$A$5:$A$24,0))),"사번 확인")
C30: =IFERROR(IF(B30="","",INDEX(직원명부!$B$5:$B$24,MATCH(B30,직원명부!$A$5:$A$24,0))),"사번 확인")
... C118: =IFERROR(IF(B118="","",INDEX(직원명부!$B$5:$B$24,MATCH(B118,직원명부!$A$5:$A$24,0))),"사번 확인")
A120: · 발생 시간은 근태기록의 「보상휴가」 열을 모은 값입니다. 연장 × 1.5 + 야간 × 0.5 로 환산되어 있습니다.
A121: · 23:00까지 근무하면 8시간이 쌓입니다. 하루 휴무와 같습니다.
A122: · 사유가 발생한 달의 말일부터 3개월 안에 써야 합니다. 남으면 소멸하지 않고 수당으로 지급해야 합니다. (취업규칙 제21조제5항)
A123: · 사원이 보상휴가를 원하지 않으면 수당으로 지급합니다. 회사가 일방적으로 휴가로 갈음할 수 없습니다. (제21조제7항)
A124: · 운영하려면 근로자대표와의 서면합의가 필요합니다. 「보상휴가제 서면합의서」를 먼저 체결하세요.

Sheet 코드표
A1: 코드표
A2: 드롭다운 목록의 원본입니다. 항목을 추가하면 각 시트의 드롭다운에 반영됩니다.
A4: 고용형태 | B4: 재직상태 | C4: 근태구분 | D4: 휴가종류
A5: 정규사원 | B5: 재직 | C5: 정상 | D5: 연차
A6: 계약사원 | B6: 휴직 | C6: 지각 | D6: 경조휴가
A7: 단시간사원 | B7: 퇴사 | C7: 조퇴 | D7: 병가
A8: 수습 | C8: 외출 | D8: 공가
C9: 결근 | D9: 출산전후휴가
C10: 휴가 | D10: 배우자출산휴가
C11: 재택 | D11: 육아휴직
C12: 출장 | D12: 가족돌봄휴가
C13: 휴일근로 | D13: 무급휴가
C14: 단축근무
