Workbook

Sheet 사용안내
A1: 연봉조정 평가표
A2: 취업규칙 제34조 · 연봉조정 운영기준에 따른 산출 도구
A5: 쓰는 순서
A6: 1 | B6: 「최저임금」 시트에 해당 연도 최저임금 시급을 넣습니다. 매년 바뀝니다.
A7: 2 | B7: 「평가표」에 직원 이름과 현재 연봉을 넣습니다.
A8: 3 | B8: 자기평가와 회사평가 점수를 각 항목에 넣으면 총점·등급·권장 인상률이 자동 계산됩니다.
A9: 4 | B9: 면담 후 「적용 인상률」을 넣으면 조정 연봉과 월 지급액이 나옵니다.
A10: 5 | B10: 「검증」 열이 확인 필요로 뜨면 최저임금 미달이므로 금액을 올려야 합니다.
A11: 6 | B11: 합의가 끝나면 「연봉이력」에 한 줄 남기고, 연봉계약서를 작성합니다.
A13: 꼭 알아두실 점
A14: 감액 불가 | B14: 연봉은 근로자 동의 없이 낮출 수 없습니다. D등급이어도 동결이 하한입니다. (취업규칙 제34조제5항)
A15: 합의 결렬 | B15: 합의가 안 되면 종전 연봉이 그대로 유지됩니다. 이를 이유로 불이익을 주면 안 됩니다. (제34조제6항)
A16: 시기 | B16: 입사일 기준입니다. 입사 기념일이 속한 달의 다음 달 1일부터 적용하고, 면담은 그 전달까지 마칩니다.
A17: 권장 구간 | B17: 등급별 인상률은 권장 범위입니다. 경영 상황에 따라 구간 안에서 정하되, 구간을 벗어나면 면담에서 사유를 설명하세요.
A18: 반영 절차 | B18: 연봉이 바뀌면 4대보험 보수월액 변경을 신고하고, 근태·연차 관리대장의 연봉도 갱신해야 합니다.
A19: 평가 금지 | B19: 휴가 사용, 출산·육아휴직, 성별·연령 등 차별 사유, 괴롭힘 신고는 평가에 반영할 수 없습니다.

Sheet 최저임금
A1: 최저임금 기준
A2: 해당 연도 시급만 넣으면 나머지는 자동 계산됩니다. 고용노동부 고시로 매년 바뀝니다.
A3: 항목 | B3: 값
A4: 최저임금 시급 (원) | B4: 10320
A5: 월 소정근로시간 | B5: 209
A6: 월 환산액 (원) | B6: =B4*B5
A7: 수습 감액 하한 90% (원) | B7: =ROUND(B6*0.9,0)
A9: ※ 2026년 시급 10,320원을 기본값으로 넣어 두었습니다. 매년 고시를 확인해 B4를 고치세요.

Sheet 평가기준
A1: 평가 항목과 등급
A2: 연봉조정 운영기준 2항·3항. 배점을 바꾸면 평가표의 만점도 함께 고쳐야 합니다.
A4: 영역 | B4: 세부 항목 | C4: 배점
A5: 직무 성과 | B5: 산출물의 완성도와 품질 | C5: 15
B6: 일정 준수와 진행 관리 | C6: 15
B7: 클라이언트 요구 파악과 대응 | C7: 10
A8: 직무 역량 | B8: 사용자 조사와 화면 설계의 깊이 | C8: 10
B9: 디자인 시스템 구축·운용 | C9: 10
B10: 도구 숙련도와 새로운 방법의 습득 | C10: 10
A11: 협업과 태도 | B11: 팀·직무 간 소통과 정보 공유 | C11: 10
B12: 피드백 수용과 반영 | C12: 10
A13: 기여와 성장 | B13: 업무 방식·프로세스 개선 제안 | C13: 5
B14: 학습 내용의 공유와 후배 지원 | C14: 5
B15: 합계 | C15: =SUM(C5:C14)
A18: 등급과 인상률
A19: 등급 | B19: 총점 | C19: 정의 | D19: 인상률
A20: S | B20: 90 이상 | C20: 기대를 크게 넘어섰다 | D20: 8 ~ 12%
A21: A | B21: 80 ~ 89 | C21: 기대를 넘어섰다 | D21: 5 ~ 8%
A22: B | B22: 65 ~ 79 | C22: 기대한 수준을 충족했다 | D22: 3 ~ 5%
A23: C | B23: 50 ~ 64 | C23: 일부 항목에서 보완이 필요하다 | D23: 0 ~ 3%
A24: D | B24: 49 이하 | C24: 전반적인 개선이 필요하다 | D24: 동결
A26: ※ D등급이라도 연봉을 감액할 수 없습니다. 동결이 하한입니다.

Sheet 평가표
A1: 평가표
A2: 평가 기준일 | B2: 46357 | C2: ← 이 날짜가 속한 회차를 기준으로 적용일을 계산합니다.
A3: 입력 방법 : 파란 글씨 = 직접 입력 · 검은 글씨 + 회색 배경 = 자동 계산 (수정 금지) | J3: 점수는 평가기준 시트의 배점 이내로 넣습니다. 총점은 회사평가 기준으로 산정합니다.
A5: 성명 | B5: 입사일 | C5: 현 연봉 | D5: 자기평가 총점 | E5: 성과 40 | F5: 역량 30 | G5: 협업 20 | H5: 기여 10 | I5: 회사평가 총점 | J5: 등급 | K5: 권장 인상률 | L5: 적용 인상률 | M5: 조정 연봉 | N5: 월 지급액 | O5: 증감액 | P5: 검증 | Q5: 적용일
A6: 강성아 | B6: 46034 | C6: 32000000 | D6: 78 | E6: 32 | F6: 24 | G6: 17 | H6: 8 | I6: =IF($A6="","",SUM(E6:H6)) | J6: =IF($A6="","",IF(I6>=90,"S",IF(I6>=80,"A",IF(I6>=65,"B",IF(I6>=50,"C","D"))))) | K6: =IF($A6="","",IF(J6="S","8 ~ 12%",IF(J6="A","5 ~ 8%",IF(J6="B","3 ~ 5%",IF(J6="C","0 ~ 3%","동결"))))) | L6: 0.04 | M6: =IF(OR($A6="",C6=""),"",MAX(C6,ROUND(C6*(1+N(L6))/1000,0)*1000)) | N6: =IF(M6="","",ROUND(M6/12,0)) | O6: =IF(M6="","",M6-C6) | P6: =IF(N6="","",IF(N6>=최저임금!$B$6,"적합","확인 필요")) | Q6: =IF(B6="","",DATE(YEAR($B$2)+IF(MONTH(B6)>=MONTH($B$2),0,1),MONTH(B6)+1,1))
I7: =IF($A7="","",SUM(E7:H7)) | J7: =IF($A7="","",IF(I7>=90,"S",IF(I7>=80,"A",IF(I7>=65,"B",IF(I7>=50,"C","D"))))) | K7: =IF($A7="","",IF(J7="S","8 ~ 12%",IF(J7="A","5 ~ 8%",IF(J7="B","3 ~ 5%",IF(J7="C","0 ~ 3%","동결"))))) | M7: =IF(OR($A7="",C7=""),"",MAX(C7,ROUND(C7*(1+N(L7))/1000,0)*1000)) | N7: =IF(M7="","",ROUND(M7/12,0)) | O7: =IF(M7="","",M7-C7) | P7: =IF(N7="","",IF(N7>=최저임금!$B$6,"적합","확인 필요")) | Q7: =IF(B7="","",DATE(YEAR($B$2)+IF(MONTH(B7)>=MONTH($B$2),0,1),MONTH(B7)+1,1))
I8: =IF($A8="","",SUM(E8:H8)) | J8: =IF($A8="","",IF(I8>=90,"S",IF(I8>=80,"A",IF(I8>=65,"B",IF(I8>=50,"C","D"))))) | K8: =IF($A8="","",IF(J8="S","8 ~ 12%",IF(J8="A","5 ~ 8%",IF(J8="B","3 ~ 5%",IF(J8="C","0 ~ 3%","동결"))))) | M8: =IF(OR($A8="",C8=""),"",MAX(C8,ROUND(C8*(1+N(L8))/1000,0)*1000)) | N8: =IF(M8="","",ROUND(M8/12,0)) | O8: =IF(M8="","",M8-C8) | P8: =IF(N8="","",IF(N8>=최저임금!$B$6,"적합","확인 필요")) | Q8: =IF(B8="","",DATE(YEAR($B$2)+IF(MONTH(B8)>=MONTH($B$2),0,1),MONTH(B8)+1,1))
I9: =IF($A9="","",SUM(E9:H9)) | J9: =IF($A9="","",IF(I9>=90,"S",IF(I9>=80,"A",IF(I9>=65,"B",IF(I9>=50,"C","D"))))) | K9: =IF($A9="","",IF(J9="S","8 ~ 12%",IF(J9="A","5 ~ 8%",IF(J9="B","3 ~ 5%",IF(J9="C","0 ~ 3%","동결"))))) | M9: =IF(OR($A9="",C9=""),"",MAX(C9,ROUND(C9*(1+N(L9))/1000,0)*1000)) | N9: =IF(M9="","",ROUND(M9/12,0)) | O9: =IF(M9="","",M9-C9) | P9: =IF(N9="","",IF(N9>=최저임금!$B$6,"적합","확인 필요")) | Q9: =IF(B9="","",DATE(YEAR($B$2)+IF(MONTH(B9)>=MONTH($B$2),0,1),MONTH(B9)+1,1))
I10: =IF($A10="","",SUM(E10:H10)) | J10: =IF($A10="","",IF(I10>=90,"S",IF(I10>=80,"A",IF(I10>=65,"B",IF(I10>=50,"C","D"))))) | K10: =IF($A10="","",IF(J10="S","8 ~ 12%",IF(J10="A","5 ~ 8%",IF(J10="B","3 ~ 5%",IF(J10="C","0 ~ 3%","동결"))))) | M10: =IF(OR($A10="",C10=""),"",MAX(C10,ROUND(C10*(1+N(L10))/1000,0)*1000)) | N10: =IF(M10="","",ROUND(M10/12,0)) | O10: =IF(M10="","",M10-C10) | P10: =IF(N10="","",IF(N10>=최저임금!$B$6,"적합","확인 필요")) | Q10: =IF(B10="","",DATE(YEAR($B$2)+IF(MONTH(B10)>=MONTH($B$2),0,1),MONTH(B10)+1,1))
I11: =IF($A11="","",SUM(E11:H11)) | J11: =IF($A11="","",IF(I11>=90,"S",IF(I11>=80,"A",IF(I11>=65,"B",IF(I11>=50,"C","D"))))) | K11: =IF($A11="","",IF(J11="S","8 ~ 12%",IF(J11="A","5 ~ 8%",IF(J11="B","3 ~ 5%",IF(J11="C","0 ~ 3%","동결"))))) | M11: =IF(OR($A11="",C11=""),"",MAX(C11,ROUND(C11*(1+N(L11))/1000,0)*1000)) | N11: =IF(M11="","",ROUND(M11/12,0)) | O11: =IF(M11="","",M11-C11) | P11: =IF(N11="","",IF(N11>=최저임금!$B$6,"적합","확인 필요")) | Q11: =IF(B11="","",DATE(YEAR($B$2)+IF(MONTH(B11)>=MONTH($B$2),0,1),MONTH(B11)+1,1))
I12: =IF($A12="","",SUM(E12:H12)) | J12: =IF($A12="","",IF(I12>=90,"S",IF(I12>=80,"A",IF(I12>=65,"B",IF(I12>=50,"C","D"))))) | K12: =IF($A12="","",IF(J12="S","8 ~ 12%",IF(J12="A","5 ~ 8%",IF(J12="B","3 ~ 5%",IF(J12="C","0 ~ 3%","동결"))))) | M12: =IF(OR($A12="",C12=""),"",MAX(C12,ROUND(C12*(1+N(L12))/1000,0)*1000)) | N12: =IF(M12="","",ROUND(M12/12,0)) | O12: =IF(M12="","",M12-C12) | P12: =IF(N12="","",IF(N12>=최저임금!$B$6,"적합","확인 필요")) | Q12: =IF(B12="","",DATE(YEAR($B$2)+IF(MONTH(B12)>=MONTH($B$2),0,1),MONTH(B12)+1,1))
I13: =IF($A13="","",SUM(E13:H13)) | J13: =IF($A13="","",IF(I13>=90,"S",IF(I13>=80,"A",IF(I13>=65,"B",IF(I13>=50,"C","D"))))) | K13: =IF($A13="","",IF(J13="S","8 ~ 12%",IF(J13="A","5 ~ 8%",IF(J13="B","3 ~ 5%",IF(J13="C","0 ~ 3%","동결"))))) | M13: =IF(OR($A13="",C13=""),"",MAX(C13,ROUND(C13*(1+N(L13))/1000,0)*1000)) | N13: =IF(M13="","",ROUND(M13/12,0)) | O13: =IF(M13="","",M13-C13) | P13: =IF(N13="","",IF(N13>=최저임금!$B$6,"적합","확인 필요")) | Q13: =IF(B13="","",DATE(YEAR($B$2)+IF(MONTH(B13)>=MONTH($B$2),0,1),MONTH(B13)+1,1))
I14: =IF($A14="","",SUM(E14:H14)) | J14: =IF($A14="","",IF(I14>=90,"S",IF(I14>=80,"A",IF(I14>=65,"B",IF(I14>=50,"C","D"))))) | K14: =IF($A14="","",IF(J14="S","8 ~ 12%",IF(J14="A","5 ~ 8%",IF(J14="B","3 ~ 5%",IF(J14="C","0 ~ 3%","동결"))))) | M14: =IF(OR($A14="",C14=""),"",MAX(C14,ROUND(C14*(1+N(L14))/1000,0)*1000)) | N14: =IF(M14="","",ROUND(M14/12,0)) | O14: =IF(M14="","",M14-C14) | P14: =IF(N14="","",IF(N14>=최저임금!$B$6,"적합","확인 필요")) | Q14: =IF(B14="","",DATE(YEAR($B$2)+IF(MONTH(B14)>=MONTH($B$2),0,1),MONTH(B14)+1,1))
I15: =IF($A15="","",SUM(E15:H15)) | J15: =IF($A15="","",IF(I15>=90,"S",IF(I15>=80,"A",IF(I15>=65,"B",IF(I15>=50,"C","D"))))) | K15: =IF($A15="","",IF(J15="S","8 ~ 12%",IF(J15="A","5 ~ 8%",IF(J15="B","3 ~ 5%",IF(J15="C","0 ~ 3%","동결"))))) | M15: =IF(OR($A15="",C15=""),"",MAX(C15,ROUND(C15*(1+N(L15))/1000,0)*1000)) | N15: =IF(M15="","",ROUND(M15/12,0)) | O15: =IF(M15="","",M15-C15) | P15: =IF(N15="","",IF(N15>=최저임금!$B$6,"적합","확인 필요")) | Q15: =IF(B15="","",DATE(YEAR($B$2)+IF(MONTH(B15)>=MONTH($B$2),0,1),MONTH(B15)+1,1))
A17: · 「조정 연봉」은 천원 단위로 반올림하며, 어떤 경우에도 현 연봉보다 낮아지지 않습니다. (취업규칙 제34조제5항)
A18: · 「검증」이 확인 필요로 뜨면 월 지급액이 최저임금 월 환산액에 미달한다는 뜻입니다. 금액을 올려야 합니다.
A19: · 「적용일」은 입사 기념일이 속한 달의 다음 달 1일입니다. 면담은 그 전달까지 마칩니다.
A20: · 예시 행(6행)은 실제 입력 전에 지우세요.

Sheet 연봉이력
A1: 연봉이력
A2: 조정이 확정될 때마다 한 줄씩 남깁니다. 퇴직금 산정과 다음 조정의 근거가 됩니다.
A3: 입력 방법 : 파란 글씨 = 직접 입력 · 검은 글씨 + 회색 배경 = 자동 계산
A5: 적용일 | B5: 성명 | C5: 종전 연봉 | D5: 조정 연봉 | E5: 증감액 | F5: 인상률 | G5: 등급 | H5: 비고
E6: =IF(OR(C6="",D6=""),"",D6-C6) | F6: =IF(OR(C6="",D6="",C6=0),"",D6/C6-1)
E7: =IF(OR(C7="",D7=""),"",D7-C7) | F7: =IF(OR(C7="",D7="",C7=0),"",D7/C7-1)
E8: =IF(OR(C8="",D8=""),"",D8-C8) | F8: =IF(OR(C8="",D8="",C8=0),"",D8/C8-1)
E9: =IF(OR(C9="",D9=""),"",D9-C9) | F9: =IF(OR(C9="",D9="",C9=0),"",D9/C9-1)
E10: =IF(OR(C10="",D10=""),"",D10-C10) | F10: =IF(OR(C10="",D10="",C10=0),"",D10/C10-1)
E11: =IF(OR(C11="",D11=""),"",D11-C11) | F11: =IF(OR(C11="",D11="",C11=0),"",D11/C11-1)
E12: =IF(OR(C12="",D12=""),"",D12-C12) | F12: =IF(OR(C12="",D12="",C12=0),"",D12/C12-1)
E13: =IF(OR(C13="",D13=""),"",D13-C13) | F13: =IF(OR(C13="",D13="",C13=0),"",D13/C13-1)
E14: =IF(OR(C14="",D14=""),"",D14-C14) | F14: =IF(OR(C14="",D14="",C14=0),"",D14/C14-1)
E15: =IF(OR(C15="",D15=""),"",D15-C15) | F15: =IF(OR(C15="",D15="",C15=0),"",D15/C15-1)
E16: =IF(OR(C16="",D16=""),"",D16-C16) | F16: =IF(OR(C16="",D16="",C16=0),"",D16/C16-1)
E17: =IF(OR(C17="",D17=""),"",D17-C17) | F17: =IF(OR(C17="",D17="",C17=0),"",D17/C17-1)
... E105: =IF(OR(C105="",D105=""),"",D105-C105) | F105: =IF(OR(C105="",D105="",C105=0),"",D105/C105-1)
